"","TrueBeta","TrueGamma","TruePsi","ModelBeta","ModelGamma","ModelPsi","BDSkyDensity","AvgLikelihood","VaryingParam"
"1",0.19,0.12,0.03,0.0475,0.12,0.03,-711.3088,-743.8848,"Beta"
"2",0.19,0.12,0.03,0.0533,0.12,0.03,-697.2296,-732.24,"Beta"
"3",0.19,0.12,0.03,0.0591,0.12,0.03,-684.5146,-721.0171,"Beta"
"4",0.19,0.12,0.03,0.0649,0.12,0.03,-672.948,-710.1254,"Beta"
"5",0.19,0.12,0.03,0.0708,0.12,0.03,-662.371,-699.4831,"Beta"
"6",0.19,0.12,0.03,0.0766,0.12,0.03,-652.6637,-689.9622,"Beta"
"7",0.19,0.12,0.03,0.0824,0.12,0.03,-643.7334,-680.3639,"Beta"
"8",0.19,0.12,0.03,0.0882,0.12,0.03,-635.5069,-672.3961,"Beta"
"9",0.19,0.12,0.03,0.094,0.12,0.03,-627.9251,-664.6564,"Beta"
"10",0.19,0.12,0.03,0.0998,0.12,0.03,-620.9399,-656.4267,"Beta"
"11",0.19,0.12,0.03,0.1057,0.12,0.03,-614.5108,-649.444,"Beta"
"12",0.19,0.12,0.03,0.1115,0.12,0.03,-608.6037,-641.3171,"Beta"
"13",0.19,0.12,0.03,0.1173,0.12,0.03,-603.1889,-633.0617,"Beta"
"14",0.19,0.12,0.03,0.1231,0.12,0.03,-598.2405,-625.4151,"Beta"
"15",0.19,0.12,0.03,0.1289,0.12,0.03,-593.7351,-617.6972,"Beta"
"16",0.19,0.12,0.03,0.1347,0.12,0.03,-589.6518,-610.0881,"Beta"
"17",0.19,0.12,0.03,0.1406,0.12,0.03,-585.9712,-600.7672,"Beta"
"18",0.19,0.12,0.03,0.1464,0.12,0.03,-582.6755,-592.5583,"Beta"
"19",0.19,0.12,0.03,0.1522,0.12,0.03,-579.7478,-584.6675,"Beta"
"20",0.19,0.12,0.03,0.158,0.12,0.03,-577.1724,-579.9812,"Beta"
"21",0.19,0.12,0.03,0.1638,0.12,0.03,-574.9341,-575.792,"Beta"
"22",0.19,0.12,0.03,0.1696,0.12,0.03,-573.0188,-572.66,"Beta"
"23",0.19,0.12,0.03,0.1755,0.12,0.03,-571.4126,-570.1918,"Beta"
"24",0.19,0.12,0.03,0.1813,0.12,0.03,-570.1024,-568.536,"Beta"
"25",0.19,0.12,0.03,0.1871,0.12,0.03,-569.0757,-567.4078,"Beta"
"26",0.19,0.12,0.03,0.1929,0.12,0.03,-568.3204,-566.7869,"Beta"
"27",0.19,0.12,0.03,0.1987,0.12,0.03,-567.8247,-566.6413,"Beta"
"28",0.19,0.12,0.03,0.2045,0.12,0.03,-567.5776,-566.4804,"Beta"
"29",0.19,0.12,0.03,0.2104,0.12,0.03,-567.5683,-566.7098,"Beta"
"30",0.19,0.12,0.03,0.2162,0.12,0.03,-567.7864,-567.2618,"Beta"
"31",0.19,0.12,0.03,0.222,0.12,0.03,-568.2221,-567.9439,"Beta"
"32",0.19,0.12,0.03,0.2278,0.12,0.03,-568.8659,-568.6995,"Beta"
"33",0.19,0.12,0.03,0.2336,0.12,0.03,-569.7087,-569.8297,"Beta"
"34",0.19,0.12,0.03,0.2394,0.12,0.03,-570.7417,-571.2539,"Beta"
"35",0.19,0.12,0.03,0.2453,0.12,0.03,-571.9565,-572.915,"Beta"
"36",0.19,0.12,0.03,0.2511,0.12,0.03,-573.3453,-574.464,"Beta"
"37",0.19,0.12,0.03,0.2569,0.12,0.03,-574.9002,-576.5882,"Beta"
"38",0.19,0.12,0.03,0.2627,0.12,0.03,-576.614,-578.9279,"Beta"
"39",0.19,0.12,0.03,0.2685,0.12,0.03,-578.4797,-581.4426,"Beta"
"40",0.19,0.12,0.03,0.2743,0.12,0.03,-580.4906,-583.9775,"Beta"
"41",0.19,0.12,0.03,0.2802,0.12,0.03,-582.6403,-587.5859,"Beta"
"42",0.19,0.12,0.03,0.286,0.12,0.03,-584.9226,-590.8289,"Beta"
"43",0.19,0.12,0.03,0.2918,0.12,0.03,-587.3319,-596.0798,"Beta"
"44",0.19,0.12,0.03,0.2976,0.12,0.03,-589.8625,-606.3063,"Beta"
"45",0.19,0.12,0.03,0.3034,0.12,0.03,-592.5091,-631.3679,"Beta"
"46",0.19,0.12,0.03,0.3092,0.12,0.03,-595.2666,-659.9127,"Beta"
"47",0.19,0.12,0.03,0.3151,0.12,0.03,-598.1303,-825.682,"Beta"
"48",0.19,0.12,0.03,0.3209,0.12,0.03,-601.0956,-1014.8625,"Beta"
"49",0.19,0.12,0.03,0.3267,0.12,0.03,-604.158,-1500.7704,"Beta"
"50",0.19,0.12,0.03,0.3325,0.12,0.03,-607.3134,-2552.4974,"Beta"
"51",0.23,0.08,0.03,0.23,0.02,0.03,-514.2183,-533.0049,"Gamma"
"52",0.23,0.08,0.03,0.23,0.0224,0.03,-513.7781,-531.9375,"Gamma"
"53",0.23,0.08,0.03,0.23,0.0249,0.03,-513.3564,-531.0986,"Gamma"
"54",0.23,0.08,0.03,0.23,0.0273,0.03,-512.9534,-530.4523,"Gamma"
"55",0.23,0.08,0.03,0.23,0.0298,0.03,-512.5692,-529.8107,"Gamma"
"56",0.23,0.08,0.03,0.23,0.0322,0.03,-512.2038,-529.3066,"Gamma"
"57",0.23,0.08,0.03,0.23,0.0347,0.03,-511.8575,-528.6785,"Gamma"
"58",0.23,0.08,0.03,0.23,0.0371,0.03,-511.5303,-528.4038,"Gamma"
"59",0.23,0.08,0.03,0.23,0.0396,0.03,-511.2222,-527.9771,"Gamma"
"60",0.23,0.08,0.03,0.23,0.042,0.03,-510.9334,-527.5484,"Gamma"
"61",0.23,0.08,0.03,0.23,0.0445,0.03,-510.664,-527.2684,"Gamma"
"62",0.23,0.08,0.03,0.23,0.0469,0.03,-510.4141,-526.758,"Gamma"
"63",0.23,0.08,0.03,0.23,0.0494,0.03,-510.1837,-526.7185,"Gamma"
"64",0.23,0.08,0.03,0.23,0.0518,0.03,-509.9729,-526.4235,"Gamma"
"65",0.23,0.08,0.03,0.23,0.0543,0.03,-509.7819,-526.0519,"Gamma"
"66",0.23,0.08,0.03,0.23,0.0567,0.03,-509.6106,-525.7819,"Gamma"
"67",0.23,0.08,0.03,0.23,0.0592,0.03,-509.4592,-525.6194,"Gamma"
"68",0.23,0.08,0.03,0.23,0.0616,0.03,-509.3278,-525.4718,"Gamma"
"69",0.23,0.08,0.03,0.23,0.0641,0.03,-509.2164,-525.3559,"Gamma"
"70",0.23,0.08,0.03,0.23,0.0665,0.03,-509.1251,-525.1879,"Gamma"
"71",0.23,0.08,0.03,0.23,0.069,0.03,-509.0539,-525.0541,"Gamma"
"72",0.23,0.08,0.03,0.23,0.0714,0.03,-509.0029,-525.0357,"Gamma"
"73",0.23,0.08,0.03,0.23,0.0739,0.03,-508.9722,-524.9279,"Gamma"
"74",0.23,0.08,0.03,0.23,0.0763,0.03,-508.9618,-524.851,"Gamma"
"75",0.23,0.08,0.03,0.23,0.0788,0.03,-508.9718,-524.8984,"Gamma"
"76",0.23,0.08,0.03,0.23,0.0812,0.03,-509.0022,-524.9297,"Gamma"
"77",0.23,0.08,0.03,0.23,0.0837,0.03,-509.0531,-525.0221,"Gamma"
"78",0.23,0.08,0.03,0.23,0.0861,0.03,-509.1245,-525.0768,"Gamma"
"79",0.23,0.08,0.03,0.23,0.0886,0.03,-509.2164,-525.2732,"Gamma"
"80",0.23,0.08,0.03,0.23,0.091,0.03,-509.3289,-525.1905,"Gamma"
"81",0.23,0.08,0.03,0.23,0.0935,0.03,-509.462,-525.5146,"Gamma"
"82",0.23,0.08,0.03,0.23,0.0959,0.03,-509.6158,-525.8908,"Gamma"
"83",0.23,0.08,0.03,0.23,0.0984,0.03,-509.7902,-526.1377,"Gamma"
"84",0.23,0.08,0.03,0.23,0.1008,0.03,-509.9853,-526.3031,"Gamma"
"85",0.23,0.08,0.03,0.23,0.1033,0.03,-510.2011,-526.692,"Gamma"
"86",0.23,0.08,0.03,0.23,0.1057,0.03,-510.4375,-527.4413,"Gamma"
"87",0.23,0.08,0.03,0.23,0.1082,0.03,-510.6947,-527.9712,"Gamma"
"88",0.23,0.08,0.03,0.23,0.1106,0.03,-510.9725,-528.5197,"Gamma"
"89",0.23,0.08,0.03,0.23,0.1131,0.03,-511.2711,-528.8921,"Gamma"
"90",0.23,0.08,0.03,0.23,0.1155,0.03,-511.5903,-529.636,"Gamma"
"91",0.23,0.08,0.03,0.23,0.118,0.03,-511.9302,-530.724,"Gamma"
"92",0.23,0.08,0.03,0.23,0.1204,0.03,-512.2907,-531.7588,"Gamma"
"93",0.23,0.08,0.03,0.23,0.1229,0.03,-512.6719,-531.7583,"Gamma"
"94",0.23,0.08,0.03,0.23,0.1253,0.03,-513.0736,-533.4217,"Gamma"
"95",0.23,0.08,0.03,0.23,0.1278,0.03,-513.496,-534.5421,"Gamma"
"96",0.23,0.08,0.03,0.23,0.1302,0.03,-513.9388,-535.8221,"Gamma"
"97",0.23,0.08,0.03,0.23,0.1327,0.03,-514.4022,-536.6899,"Gamma"
"98",0.23,0.08,0.03,0.23,0.1351,0.03,-514.886,-538.6195,"Gamma"
"99",0.23,0.08,0.03,0.23,0.1376,0.03,-515.3902,-539.5279,"Gamma"
"100",0.23,0.08,0.03,0.23,0.14,0.03,-515.9147,-541.2466,"Gamma"
"101",0.23,0.12,0.01,0.23,0.12,0.0025,-610.1338,-655.8961,"Psi"
"102",0.23,0.12,0.01,0.23,0.12,0.0028,-605.2207,-647.1162,"Psi"
"103",0.23,0.12,0.01,0.23,0.12,0.0031,-601.1068,-640.6935,"Psi"
"104",0.23,0.12,0.01,0.23,0.12,0.0034,-597.6201,-635.2187,"Psi"
"105",0.23,0.12,0.01,0.23,0.12,0.0037,-594.6362,-629.5921,"Psi"
"106",0.23,0.12,0.01,0.23,0.12,0.004,-592.0624,-625.085,"Psi"
"107",0.23,0.12,0.01,0.23,0.12,0.0043,-589.8281,-620.5378,"Psi"
"108",0.23,0.12,0.01,0.23,0.12,0.0046,-587.8786,-619.1492,"Psi"
"109",0.23,0.12,0.01,0.23,0.12,0.0049,-586.1703,-615.694,"Psi"
"110",0.23,0.12,0.01,0.23,0.12,0.0053,-584.6686,-611.5867,"Psi"
"111",0.23,0.12,0.01,0.23,0.12,0.0056,-583.3453,-609.4671,"Psi"
"112",0.23,0.12,0.01,0.23,0.12,0.0059,-582.1769,-607.283,"Psi"
"113",0.23,0.12,0.01,0.23,0.12,0.0062,-581.1444,-605.1194,"Psi"
"114",0.23,0.12,0.01,0.23,0.12,0.0065,-580.2315,-603.6078,"Psi"
"115",0.23,0.12,0.01,0.23,0.12,0.0068,-579.4246,-601.7863,"Psi"
"116",0.23,0.12,0.01,0.23,0.12,0.0071,-578.7121,-600.2864,"Psi"
"117",0.23,0.12,0.01,0.23,0.12,0.0074,-578.084,-598.9062,"Psi"
"118",0.23,0.12,0.01,0.23,0.12,0.0077,-577.5316,-598.1452,"Psi"
"119",0.23,0.12,0.01,0.23,0.12,0.008,-577.0477,-596.6091,"Psi"
"120",0.23,0.12,0.01,0.23,0.12,0.0083,-576.6256,-596.1916,"Psi"
"121",0.23,0.12,0.01,0.23,0.12,0.0086,-576.2597,-594.611,"Psi"
"122",0.23,0.12,0.01,0.23,0.12,0.0089,-575.9449,-593.9796,"Psi"
"123",0.23,0.12,0.01,0.23,0.12,0.0092,-575.6769,-593.5363,"Psi"
"124",0.23,0.12,0.01,0.23,0.12,0.0095,-575.4517,-592.7764,"Psi"
"125",0.23,0.12,0.01,0.23,0.12,0.0098,-575.2659,-592.4055,"Psi"
"126",0.23,0.12,0.01,0.23,0.12,0.0102,-575.1162,-591.9769,"Psi"
"127",0.23,0.12,0.01,0.23,0.12,0.0105,-574.9999,-591.5285,"Psi"
"128",0.23,0.12,0.01,0.23,0.12,0.0108,-574.9145,-590.8976,"Psi"
"129",0.23,0.12,0.01,0.23,0.12,0.0111,-574.8577,-590.6368,"Psi"
"130",0.23,0.12,0.01,0.23,0.12,0.0114,-574.8273,-590.798,"Psi"
"131",0.23,0.12,0.01,0.23,0.12,0.0117,-574.8217,-590.4021,"Psi"
"132",0.23,0.12,0.01,0.23,0.12,0.012,-574.839,-589.9856,"Psi"
"133",0.23,0.12,0.01,0.23,0.12,0.0123,-574.8778,-590.2176,"Psi"
"134",0.23,0.12,0.01,0.23,0.12,0.0126,-574.9365,-589.8508,"Psi"
"135",0.23,0.12,0.01,0.23,0.12,0.0129,-575.014,-589.7986,"Psi"
"136",0.23,0.12,0.01,0.23,0.12,0.0132,-575.109,-589.8706,"Psi"
"137",0.23,0.12,0.01,0.23,0.12,0.0135,-575.2205,-589.7018,"Psi"
"138",0.23,0.12,0.01,0.23,0.12,0.0138,-575.3474,-589.4639,"Psi"
"139",0.23,0.12,0.01,0.23,0.12,0.0141,-575.4888,-589.6449,"Psi"
"140",0.23,0.12,0.01,0.23,0.12,0.0144,-575.6439,-589.6219,"Psi"
"141",0.23,0.12,0.01,0.23,0.12,0.0147,-575.8119,-589.564,"Psi"
"142",0.23,0.12,0.01,0.23,0.12,0.0151,-575.992,-589.5665,"Psi"
"143",0.23,0.12,0.01,0.23,0.12,0.0154,-576.1836,-589.534,"Psi"
"144",0.23,0.12,0.01,0.23,0.12,0.0157,-576.3861,-589.7896,"Psi"
"145",0.23,0.12,0.01,0.23,0.12,0.016,-576.5988,-589.6942,"Psi"
"146",0.23,0.12,0.01,0.23,0.12,0.0163,-576.8212,-589.8925,"Psi"
"147",0.23,0.12,0.01,0.23,0.12,0.0166,-577.0529,-590.0705,"Psi"
"148",0.23,0.12,0.01,0.23,0.12,0.0169,-577.2933,-590.1864,"Psi"
"149",0.23,0.12,0.01,0.23,0.12,0.0172,-577.5419,-590.3012,"Psi"
"150",0.23,0.12,0.01,0.23,0.12,0.0175,-577.7985,-590.3421,"Psi"
"151",0.23,0.12,0.03,0.23,0.12,0.0075,-572.3275,-583.099,"Psi"
"152",0.23,0.12,0.03,0.23,0.12,0.0084,-567.3644,-577.2822,"Psi"
"153",0.23,0.12,0.03,0.23,0.12,0.0093,-563.1706,-572.3721,"Psi"
"154",0.23,0.12,0.03,0.23,0.12,0.0103,-559.586,-568.2012,"Psi"
"155",0.23,0.12,0.03,0.23,0.12,0.0112,-556.4945,-564.4588,"Psi"
"156",0.23,0.12,0.03,0.23,0.12,0.0121,-553.8091,-561.2216,"Psi"
"157",0.23,0.12,0.03,0.23,0.12,0.013,-551.4632,-558.4731,"Psi"
"158",0.23,0.12,0.03,0.23,0.12,0.0139,-549.4046,-555.9213,"Psi"
"159",0.23,0.12,0.03,0.23,0.12,0.0148,-547.5919,-553.7751,"Psi"
"160",0.23,0.12,0.03,0.23,0.12,0.0158,-545.9918,-551.8218,"Psi"
"161",0.23,0.12,0.03,0.23,0.12,0.0167,-544.5767,-549.9592,"Psi"
"162",0.23,0.12,0.03,0.23,0.12,0.0176,-543.3243,-548.4327,"Psi"
"163",0.23,0.12,0.03,0.23,0.12,0.0185,-542.2154,-546.989,"Psi"
"164",0.23,0.12,0.03,0.23,0.12,0.0194,-541.2343,-545.6722,"Psi"
"165",0.23,0.12,0.03,0.23,0.12,0.0204,-540.3673,-544.5092,"Psi"
"166",0.23,0.12,0.03,0.23,0.12,0.0213,-539.6029,-543.541,"Psi"
"167",0.23,0.12,0.03,0.23,0.12,0.0222,-538.931,-542.575,"Psi"
"168",0.23,0.12,0.03,0.23,0.12,0.0231,-538.3429,-541.779,"Psi"
"169",0.23,0.12,0.03,0.23,0.12,0.024,-537.8311,-541.0379,"Psi"
"170",0.23,0.12,0.03,0.23,0.12,0.0249,-537.3888,-540.3289,"Psi"
"171",0.23,0.12,0.03,0.23,0.12,0.0259,-537.0103,-539.7153,"Psi"
"172",0.23,0.12,0.03,0.23,0.12,0.0268,-536.6903,-539.2117,"Psi"
"173",0.23,0.12,0.03,0.23,0.12,0.0277,-536.4242,-538.6694,"Psi"
"174",0.23,0.12,0.03,0.23,0.12,0.0286,-536.2078,-538.3093,"Psi"
"175",0.23,0.12,0.03,0.23,0.12,0.0295,-536.0375,-537.9882,"Psi"
"176",0.23,0.12,0.03,0.23,0.12,0.0305,-535.9099,-537.6236,"Psi"
"177",0.23,0.12,0.03,0.23,0.12,0.0314,-535.822,-537.3834,"Psi"
"178",0.23,0.12,0.03,0.23,0.12,0.0323,-535.7711,-537.1788,"Psi"
"179",0.23,0.12,0.03,0.23,0.12,0.0332,-535.7548,-536.9506,"Psi"
"180",0.23,0.12,0.03,0.23,0.12,0.0341,-535.7707,-536.8248,"Psi"
"181",0.23,0.12,0.03,0.23,0.12,0.0351,-535.8169,-536.7207,"Psi"
"182",0.23,0.12,0.03,0.23,0.12,0.036,-535.8915,-536.5884,"Psi"
"183",0.23,0.12,0.03,0.23,0.12,0.0369,-535.9928,-536.621,"Psi"
"184",0.23,0.12,0.03,0.23,0.12,0.0378,-536.1192,-536.5578,"Psi"
"185",0.23,0.12,0.03,0.23,0.12,0.0387,-536.2692,-536.6374,"Psi"
"186",0.23,0.12,0.03,0.23,0.12,0.0396,-536.4415,-536.6897,"Psi"
"187",0.23,0.12,0.03,0.23,0.12,0.0406,-536.6349,-536.7066,"Psi"
"188",0.23,0.12,0.03,0.23,0.12,0.0415,-536.8482,-536.748,"Psi"
"189",0.23,0.12,0.03,0.23,0.12,0.0424,-537.0805,-536.8135,"Psi"
"190",0.23,0.12,0.03,0.23,0.12,0.0433,-537.3306,-537.0091,"Psi"
"191",0.23,0.12,0.03,0.23,0.12,0.0442,-537.5977,-537.1625,"Psi"
"192",0.23,0.12,0.03,0.23,0.12,0.0452,-537.881,-537.3433,"Psi"
"193",0.23,0.12,0.03,0.23,0.12,0.0461,-538.1797,-537.5136,"Psi"
"194",0.23,0.12,0.03,0.23,0.12,0.047,-538.4929,-537.7039,"Psi"
"195",0.23,0.12,0.03,0.23,0.12,0.0479,-538.8201,-537.9773,"Psi"
"196",0.23,0.12,0.03,0.23,0.12,0.0488,-539.1605,-538.2204,"Psi"
"197",0.23,0.12,0.03,0.23,0.12,0.0497,-539.5136,-538.4639,"Psi"
"198",0.23,0.12,0.03,0.23,0.12,0.0507,-539.8789,-538.6997,"Psi"
"199",0.23,0.12,0.03,0.23,0.12,0.0516,-540.2556,-538.9691,"Psi"
"200",0.23,0.12,0.03,0.23,0.12,0.0525,-540.6435,-539.2987,"Psi"
"201",0.23,0.12,0.03,0.23,0.03,0.03,-548.3785,-548.3291,"Gamma"
"202",0.23,0.12,0.03,0.23,0.0337,0.03,-547.3401,-547.6258,"Gamma"
"203",0.23,0.12,0.03,0.23,0.0373,0.03,-546.3428,-546.8019,"Gamma"
"204",0.23,0.12,0.03,0.23,0.041,0.03,-545.3872,-546.1183,"Gamma"
"205",0.23,0.12,0.03,0.23,0.0447,0.03,-544.4739,-545.3205,"Gamma"
"206",0.23,0.12,0.03,0.23,0.0484,0.03,-543.6033,-544.6336,"Gamma"
"207",0.23,0.12,0.03,0.23,0.052,0.03,-542.7762,-544.0764,"Gamma"
"208",0.23,0.12,0.03,0.23,0.0557,0.03,-541.993,-543.5298,"Gamma"
"209",0.23,0.12,0.03,0.23,0.0594,0.03,-541.2544,-543.0168,"Gamma"
"210",0.23,0.12,0.03,0.23,0.0631,0.03,-540.5609,-542.5662,"Gamma"
"211",0.23,0.12,0.03,0.23,0.0667,0.03,-539.9131,-542.1966,"Gamma"
"212",0.23,0.12,0.03,0.23,0.0704,0.03,-539.3115,-541.7726,"Gamma"
"213",0.23,0.12,0.03,0.23,0.0741,0.03,-538.7567,-541.4687,"Gamma"
"214",0.23,0.12,0.03,0.23,0.0778,0.03,-538.2492,-541.345,"Gamma"
"215",0.23,0.12,0.03,0.23,0.0814,0.03,-537.7896,-541.0989,"Gamma"
"216",0.23,0.12,0.03,0.23,0.0851,0.03,-537.3782,-540.9741,"Gamma"
"217",0.23,0.12,0.03,0.23,0.0888,0.03,-537.0157,-540.8578,"Gamma"
"218",0.23,0.12,0.03,0.23,0.0924,0.03,-536.7025,-540.7354,"Gamma"
"219",0.23,0.12,0.03,0.23,0.0961,0.03,-536.4391,-540.7159,"Gamma"
"220",0.23,0.12,0.03,0.23,0.0998,0.03,-536.2259,-540.796,"Gamma"
"221",0.23,0.12,0.03,0.23,0.1035,0.03,-536.0633,-540.9502,"Gamma"
"222",0.23,0.12,0.03,0.23,0.1071,0.03,-535.9518,-541.1715,"Gamma"
"223",0.23,0.12,0.03,0.23,0.1108,0.03,-535.8916,-541.3793,"Gamma"
"224",0.23,0.12,0.03,0.23,0.1145,0.03,-535.8833,-541.6658,"Gamma"
"225",0.23,0.12,0.03,0.23,0.1182,0.03,-535.927,-542.3469,"Gamma"
"226",0.23,0.12,0.03,0.23,0.1218,0.03,-536.0231,-543.5359,"Gamma"
"227",0.23,0.12,0.03,0.23,0.1255,0.03,-536.1719,-544.9391,"Gamma"
"228",0.23,0.12,0.03,0.23,0.1292,0.03,-536.3736,-546.8447,"Gamma"
"229",0.23,0.12,0.03,0.23,0.1329,0.03,-536.6285,-548.3764,"Gamma"
"230",0.23,0.12,0.03,0.23,0.1365,0.03,-536.9366,-552.2502,"Gamma"
"231",0.23,0.12,0.03,0.23,0.1402,0.03,-537.2981,-555.937,"Gamma"
"232",0.23,0.12,0.03,0.23,0.1439,0.03,-537.7132,-559.3412,"Gamma"
"233",0.23,0.12,0.03,0.23,0.1476,0.03,-538.1819,-566.2612,"Gamma"
"234",0.23,0.12,0.03,0.23,0.1512,0.03,-538.7042,-565.2601,"Gamma"
"235",0.23,0.12,0.03,0.23,0.1549,0.03,-539.2802,-572.1712,"Gamma"
"236",0.23,0.12,0.03,0.23,0.1586,0.03,-539.9097,-584.9506,"Gamma"
"237",0.23,0.12,0.03,0.23,0.1622,0.03,-540.5928,-593.5144,"Gamma"
"238",0.23,0.12,0.03,0.23,0.1659,0.03,-541.3292,-603.3806,"Gamma"
"239",0.23,0.12,0.03,0.23,0.1696,0.03,-542.1189,-606.38,"Gamma"
"240",0.23,0.12,0.03,0.23,0.1733,0.03,-542.9616,-611.5819,"Gamma"
"241",0.23,0.12,0.03,0.23,0.1769,0.03,-543.857,-619.7727,"Gamma"
"242",0.23,0.12,0.03,0.23,0.1806,0.03,-544.805,-625.6037,"Gamma"
"243",0.23,0.12,0.03,0.23,0.1843,0.03,-545.8051,-630.24,"Gamma"
"244",0.23,0.12,0.03,0.23,0.188,0.03,-546.857,-633.0674,"Gamma"
"245",0.23,0.12,0.03,0.23,0.1916,0.03,-547.9604,-636.3694,"Gamma"
"246",0.23,0.12,0.03,0.23,0.1953,0.03,-549.1147,-642.1867,"Gamma"
"247",0.23,0.12,0.03,0.23,0.199,0.03,-550.3195,-647.1043,"Gamma"
"248",0.23,0.12,0.03,0.23,0.2027,0.03,-551.5744,-652.9989,"Gamma"
"249",0.23,0.12,0.03,0.23,0.2063,0.03,-552.8787,-657.1578,"Gamma"
"250",0.23,0.12,0.03,0.23,0.21,0.03,-554.2319,-660.9669,"Gamma"
"251",0.23,0.12,0.03,0.0575,0.12,0.03,-677.14,-748.5982,"Beta"
"252",0.23,0.12,0.03,0.0645,0.12,0.03,-662.6514,-736.9135,"Beta"
"253",0.23,0.12,0.03,0.0716,0.12,0.03,-649.5672,-726.0393,"Beta"
"254",0.23,0.12,0.03,0.0786,0.12,0.03,-637.6731,-715.8624,"Beta"
"255",0.23,0.12,0.03,0.0857,0.12,0.03,-626.812,-706.2243,"Beta"
"256",0.23,0.12,0.03,0.0927,0.12,0.03,-616.865,-696.4174,"Beta"
"257",0.23,0.12,0.03,0.0997,0.12,0.03,-607.7402,-687.1168,"Beta"
"258",0.23,0.12,0.03,0.1068,0.12,0.03,-599.3645,-678.743,"Beta"
"259",0.23,0.12,0.03,0.1138,0.12,0.03,-591.6792,-669.8541,"Beta"
"260",0.23,0.12,0.03,0.1209,0.12,0.03,-584.6354,-662.171,"Beta"
"261",0.23,0.12,0.03,0.1279,0.12,0.03,-578.1918,-653.6718,"Beta"
"262",0.23,0.12,0.03,0.1349,0.12,0.03,-572.3132,-644.7418,"Beta"
"263",0.23,0.12,0.03,0.142,0.12,0.03,-566.9684,-635.4699,"Beta"
"264",0.23,0.12,0.03,0.149,0.12,0.03,-562.1295,-626.4305,"Beta"
"265",0.23,0.12,0.03,0.1561,0.12,0.03,-557.7713,-615.4976,"Beta"
"266",0.23,0.12,0.03,0.1631,0.12,0.03,-553.8708,-602.8522,"Beta"
"267",0.23,0.12,0.03,0.1702,0.12,0.03,-550.4063,-589.0126,"Beta"
"268",0.23,0.12,0.03,0.1772,0.12,0.03,-547.3577,-580.4045,"Beta"
"269",0.23,0.12,0.03,0.1842,0.12,0.03,-544.7058,-574.2742,"Beta"
"270",0.23,0.12,0.03,0.1913,0.12,0.03,-542.4326,-570.1914,"Beta"
"271",0.23,0.12,0.03,0.1983,0.12,0.03,-540.521,-568.0316,"Beta"
"272",0.23,0.12,0.03,0.2054,0.12,0.03,-538.9543,-567.0098,"Beta"
"273",0.23,0.12,0.03,0.2124,0.12,0.03,-537.7171,-566.5515,"Beta"
"274",0.23,0.12,0.03,0.2194,0.12,0.03,-536.7943,-566.7184,"Beta"
"275",0.23,0.12,0.03,0.2265,0.12,0.03,-536.1716,-567.1556,"Beta"
"276",0.23,0.12,0.03,0.2335,0.12,0.03,-535.8353,-567.904,"Beta"
"277",0.23,0.12,0.03,0.2406,0.12,0.03,-535.7724,-568.9811,"Beta"
"278",0.23,0.12,0.03,0.2476,0.12,0.03,-535.9705,-570.2635,"Beta"
"279",0.23,0.12,0.03,0.2546,0.12,0.03,-536.4175,-571.9717,"Beta"
"280",0.23,0.12,0.03,0.2617,0.12,0.03,-537.1023,-573.8046,"Beta"
"281",0.23,0.12,0.03,0.2687,0.12,0.03,-538.014,-575.8989,"Beta"
"282",0.23,0.12,0.03,0.2758,0.12,0.03,-539.1424,-578.377,"Beta"
"283",0.23,0.12,0.03,0.2828,0.12,0.03,-540.4777,-581.2601,"Beta"
"284",0.23,0.12,0.03,0.2898,0.12,0.03,-542.0108,-584.4967,"Beta"
"285",0.23,0.12,0.03,0.2969,0.12,0.03,-543.7327,-588.4884,"Beta"
"286",0.23,0.12,0.03,0.3039,0.12,0.03,-545.6351,-594.0552,"Beta"
"287",0.23,0.12,0.03,0.311,0.12,0.03,-547.7101,-600.8751,"Beta"
"288",0.23,0.12,0.03,0.318,0.12,0.03,-549.9502,-611.137,"Beta"
"289",0.23,0.12,0.03,0.3251,0.12,0.03,-552.3481,-628.8432,"Beta"
"290",0.23,0.12,0.03,0.3321,0.12,0.03,-554.8972,-662.7456,"Beta"
"291",0.23,0.12,0.03,0.3391,0.12,0.03,-557.5909,-720.1084,"Beta"
"292",0.23,0.12,0.03,0.3462,0.12,0.03,-560.4232,-822.5498,"Beta"
"293",0.23,0.12,0.03,0.3532,0.12,0.03,-563.3882,-1001.786,"Beta"
"294",0.23,0.12,0.03,0.3603,0.12,0.03,-566.4803,-1244.3674,"Beta"
"295",0.23,0.12,0.03,0.3673,0.12,0.03,-569.6945,-1641.1889,"Beta"
"296",0.23,0.12,0.03,0.3743,0.12,0.03,-573.0256,-2507.8457,"Beta"
"297",0.23,0.12,0.03,0.3814,0.12,0.03,-576.4689,-4310.5128,"Beta"
"298",0.23,0.12,0.03,0.3884,0.12,0.03,-580.0199,-4913.9279,"Beta"
"299",0.23,0.12,0.03,0.3955,0.12,0.03,-583.6743,-6261.9769,"Beta"
"300",0.23,0.12,0.03,0.4025,0.12,0.03,-587.428,-7999.4541,"Beta"
"301",0.23,0.12,0.05,0.23,0.12,0.0125,-540.5684,-555.6853,"Psi"
"302",0.23,0.12,0.05,0.23,0.12,0.014,-535.4179,-549.2143,"Psi"
"303",0.23,0.12,0.05,0.23,0.12,0.0156,-531.0569,-543.6854,"Psi"
"304",0.23,0.12,0.05,0.23,0.12,0.0171,-527.3229,-539.0918,"Psi"
"305",0.23,0.12,0.05,0.23,0.12,0.0186,-524.0975,-535.0343,"Psi"
"306",0.23,0.12,0.05,0.23,0.12,0.0202,-521.2919,-531.2918,"Psi"
"307",0.23,0.12,0.05,0.23,0.12,0.0217,-518.8379,-528.2083,"Psi"
"308",0.23,0.12,0.05,0.23,0.12,0.0232,-516.6819,-525.3063,"Psi"
"309",0.23,0.12,0.05,0.23,0.12,0.0247,-514.7816,-522.6039,"Psi"
"310",0.23,0.12,0.05,0.23,0.12,0.0263,-513.1025,-520.6938,"Psi"
"311",0.23,0.12,0.05,0.23,0.12,0.0278,-511.6165,-518.5256,"Psi"
"312",0.23,0.12,0.05,0.23,0.12,0.0293,-510.3003,-516.6095,"Psi"
"313",0.23,0.12,0.05,0.23,0.12,0.0309,-509.1344,-515.1241,"Psi"
"314",0.23,0.12,0.05,0.23,0.12,0.0324,-508.1024,-513.5517,"Psi"
"315",0.23,0.12,0.05,0.23,0.12,0.0339,-507.1903,-512.4711,"Psi"
"316",0.23,0.12,0.05,0.23,0.12,0.0355,-506.386,-511.1039,"Psi"
"317",0.23,0.12,0.05,0.23,0.12,0.037,-505.6793,-510.2412,"Psi"
"318",0.23,0.12,0.05,0.23,0.12,0.0385,-505.0611,-509.1385,"Psi"
"319",0.23,0.12,0.05,0.23,0.12,0.0401,-504.5236,-508.2247,"Psi"
"320",0.23,0.12,0.05,0.23,0.12,0.0416,-504.0599,-507.5947,"Psi"
"321",0.23,0.12,0.05,0.23,0.12,0.0431,-503.6639,-506.9203,"Psi"
"322",0.23,0.12,0.05,0.23,0.12,0.0446,-503.3302,-506.3314,"Psi"
"323",0.23,0.12,0.05,0.23,0.12,0.0462,-503.054,-505.7549,"Psi"
"324",0.23,0.12,0.05,0.23,0.12,0.0477,-502.831,-505.3086,"Psi"
"325",0.23,0.12,0.05,0.23,0.12,0.0492,-502.6574,-504.9957,"Psi"
"326",0.23,0.12,0.05,0.23,0.12,0.0508,-502.5298,-504.6603,"Psi"
"327",0.23,0.12,0.05,0.23,0.12,0.0523,-502.4449,-504.3675,"Psi"
"328",0.23,0.12,0.05,0.23,0.12,0.0538,-502.4001,-504.1141,"Psi"
"329",0.23,0.12,0.05,0.23,0.12,0.0554,-502.3926,-503.8673,"Psi"
"330",0.23,0.12,0.05,0.23,0.12,0.0569,-502.4202,-503.7167,"Psi"
"331",0.23,0.12,0.05,0.23,0.12,0.0584,-502.4808,-503.5696,"Psi"
"332",0.23,0.12,0.05,0.23,0.12,0.0599,-502.5724,-503.6229,"Psi"
"333",0.23,0.12,0.05,0.23,0.12,0.0615,-502.6931,-503.5537,"Psi"
"334",0.23,0.12,0.05,0.23,0.12,0.063,-502.8414,-503.5227,"Psi"
"335",0.23,0.12,0.05,0.23,0.12,0.0645,-503.0158,-503.4816,"Psi"
"336",0.23,0.12,0.05,0.23,0.12,0.0661,-503.2148,-503.6791,"Psi"
"337",0.23,0.12,0.05,0.23,0.12,0.0676,-503.4372,-503.8143,"Psi"
"338",0.23,0.12,0.05,0.23,0.12,0.0691,-503.6818,-503.7623,"Psi"
"339",0.23,0.12,0.05,0.23,0.12,0.0707,-503.9474,-504.0717,"Psi"
"340",0.23,0.12,0.05,0.23,0.12,0.0722,-504.233,-504.1421,"Psi"
"341",0.23,0.12,0.05,0.23,0.12,0.0737,-504.5377,-504.3187,"Psi"
"342",0.23,0.12,0.05,0.23,0.12,0.0753,-504.8605,-504.6274,"Psi"
"343",0.23,0.12,0.05,0.23,0.12,0.0768,-505.2007,-504.7602,"Psi"
"344",0.23,0.12,0.05,0.23,0.12,0.0783,-505.5575,-505.0998,"Psi"
"345",0.23,0.12,0.05,0.23,0.12,0.0798,-505.9301,-505.3559,"Psi"
"346",0.23,0.12,0.05,0.23,0.12,0.0814,-506.3178,-505.658,"Psi"
"347",0.23,0.12,0.05,0.23,0.12,0.0829,-506.72,-506.0882,"Psi"
"348",0.23,0.12,0.05,0.23,0.12,0.0844,-507.1362,-506.4515,"Psi"
"349",0.23,0.12,0.05,0.23,0.12,0.086,-507.5656,-506.7715,"Psi"
"350",0.23,0.12,0.05,0.23,0.12,0.0875,-508.0079,-507.1604,"Psi"
"351",0.23,0.16,0.03,0.23,0.04,0.03,-676.9329,-12037.4996,"Gamma"
"352",0.23,0.16,0.03,0.23,0.0449,0.03,-673.411,-8495.0121,"Gamma"
"353",0.23,0.16,0.03,0.23,0.0498,0.03,-669.9853,-6209.2729,"Gamma"
"354",0.23,0.16,0.03,0.23,0.0547,0.03,-666.6591,-4068.5992,"Gamma"
"355",0.23,0.16,0.03,0.23,0.0596,0.03,-663.4355,-2886.2171,"Gamma"
"356",0.23,0.16,0.03,0.23,0.0645,0.03,-660.3177,-2251.1062,"Gamma"
"357",0.23,0.16,0.03,0.23,0.0694,0.03,-657.3088,-1662.3543,"Gamma"
"358",0.23,0.16,0.03,0.23,0.0743,0.03,-654.4123,-1242.0809,"Gamma"
"359",0.23,0.16,0.03,0.23,0.0792,0.03,-651.6314,-1017.1092,"Gamma"
"360",0.23,0.16,0.03,0.23,0.0841,0.03,-648.9694,-879.0202,"Gamma"
"361",0.23,0.16,0.03,0.23,0.089,0.03,-646.4296,-792.1378,"Gamma"
"362",0.23,0.16,0.03,0.23,0.0939,0.03,-644.0155,-733.0136,"Gamma"
"363",0.23,0.16,0.03,0.23,0.0988,0.03,-641.7304,-692.2689,"Gamma"
"364",0.23,0.16,0.03,0.23,0.1037,0.03,-639.5775,-663.9215,"Gamma"
"365",0.23,0.16,0.03,0.23,0.1086,0.03,-637.5601,-641.3593,"Gamma"
"366",0.23,0.16,0.03,0.23,0.1135,0.03,-635.6815,-634.2519,"Gamma"
"367",0.23,0.16,0.03,0.23,0.1184,0.03,-633.9447,-630.9506,"Gamma"
"368",0.23,0.16,0.03,0.23,0.1233,0.03,-632.3527,-628.8262,"Gamma"
"369",0.23,0.16,0.03,0.23,0.1282,0.03,-630.9085,-627.247,"Gamma"
"370",0.23,0.16,0.03,0.23,0.1331,0.03,-629.6149,-625.7943,"Gamma"
"371",0.23,0.16,0.03,0.23,0.138,0.03,-628.4745,-624.6015,"Gamma"
"372",0.23,0.16,0.03,0.23,0.1429,0.03,-627.4897,-623.658,"Gamma"
"373",0.23,0.16,0.03,0.23,0.1478,0.03,-626.6628,-622.8586,"Gamma"
"374",0.23,0.16,0.03,0.23,0.1527,0.03,-625.9958,-622.1192,"Gamma"
"375",0.23,0.16,0.03,0.23,0.1576,0.03,-625.4905,-621.7575,"Gamma"
"376",0.23,0.16,0.03,0.23,0.1624,0.03,-625.1485,-621.3748,"Gamma"
"377",0.23,0.16,0.03,0.23,0.1673,0.03,-624.971,-621.3909,"Gamma"
"378",0.23,0.16,0.03,0.23,0.1722,0.03,-624.959,-621.2954,"Gamma"
"379",0.23,0.16,0.03,0.23,0.1771,0.03,-625.1132,-621.5644,"Gamma"
"380",0.23,0.16,0.03,0.23,0.182,0.03,-625.4341,-622.0811,"Gamma"
"381",0.23,0.16,0.03,0.23,0.1869,0.03,-625.9215,-622.5693,"Gamma"
"382",0.23,0.16,0.03,0.23,0.1918,0.03,-626.5754,-623.4606,"Gamma"
"383",0.23,0.16,0.03,0.23,0.1967,0.03,-627.3951,-624.6482,"Gamma"
"384",0.23,0.16,0.03,0.23,0.2016,0.03,-628.3796,-626.5083,"Gamma"
"385",0.23,0.16,0.03,0.23,0.2065,0.03,-629.5278,-628.3399,"Gamma"
"386",0.23,0.16,0.03,0.23,0.2114,0.03,-630.8382,-630.8118,"Gamma"
"387",0.23,0.16,0.03,0.23,0.2163,0.03,-632.3089,-633.9868,"Gamma"
"388",0.23,0.16,0.03,0.23,0.2212,0.03,-633.9378,-638.6682,"Gamma"
"389",0.23,0.16,0.03,0.23,0.2261,0.03,-635.7226,-641.5613,"Gamma"
"390",0.23,0.16,0.03,0.23,0.231,0.03,-637.6606,-654.2188,"Gamma"
"391",0.23,0.16,0.03,0.23,0.2359,0.03,-639.749,-675.3627,"Gamma"
"392",0.23,0.16,0.03,0.23,0.2408,0.03,-641.9848,-692.5246,"Gamma"
"393",0.23,0.16,0.03,0.23,0.2457,0.03,-644.3648,-712.839,"Gamma"
"394",0.23,0.16,0.03,0.23,0.2506,0.03,-646.8855,-723.1124,"Gamma"
"395",0.23,0.16,0.03,0.23,0.2555,0.03,-649.5435,-736.4913,"Gamma"
"396",0.23,0.16,0.03,0.23,0.2604,0.03,-652.3352,-748.0207,"Gamma"
"397",0.23,0.16,0.03,0.23,0.2653,0.03,-655.2568,-761.4818,"Gamma"
"398",0.23,0.16,0.03,0.23,0.2702,0.03,-658.3047,-772.3833,"Gamma"
"399",0.23,0.16,0.03,0.23,0.2751,0.03,-661.4749,-783.0415,"Gamma"
"400",0.23,0.16,0.03,0.23,0.28,0.03,-664.7637,-793.5982,"Gamma"
"401",0.27,0.12,0.03,0.0675,0.12,0.03,-645.174,-703.0528,"Beta"
"402",0.27,0.12,0.03,0.0758,0.12,0.03,-630.4927,-690.3889,"Beta"
"403",0.27,0.12,0.03,0.084,0.12,0.03,-617.2482,-678.5296,"Beta"
"404",0.27,0.12,0.03,0.0923,0.12,0.03,-605.2283,-668.193,"Beta"
"405",0.27,0.12,0.03,0.1006,0.12,0.03,-594.2777,-657.2009,"Beta"
"406",0.27,0.12,0.03,0.1088,0.12,0.03,-584.2791,-648.6809,"Beta"
"407",0.27,0.12,0.03,0.1171,0.12,0.03,-575.142,-641.2767,"Beta"
"408",0.27,0.12,0.03,0.1254,0.12,0.03,-566.795,-631.3947,"Beta"
"409",0.27,0.12,0.03,0.1336,0.12,0.03,-559.1801,-623.2569,"Beta"
"410",0.27,0.12,0.03,0.1419,0.12,0.03,-552.2495,-613.4932,"Beta"
"411",0.27,0.12,0.03,0.1502,0.12,0.03,-545.9627,-604.5955,"Beta"
"412",0.27,0.12,0.03,0.1584,0.12,0.03,-540.2845,-596.7367,"Beta"
"413",0.27,0.12,0.03,0.1667,0.12,0.03,-535.1839,-588.7009,"Beta"
"414",0.27,0.12,0.03,0.1749,0.12,0.03,-530.6332,-582.0544,"Beta"
"415",0.27,0.12,0.03,0.1832,0.12,0.03,-526.6066,-572.242,"Beta"
"416",0.27,0.12,0.03,0.1915,0.12,0.03,-523.0804,-564.0511,"Beta"
"417",0.27,0.12,0.03,0.1997,0.12,0.03,-520.0323,-556.2317,"Beta"
"418",0.27,0.12,0.03,0.208,0.12,0.03,-517.441,-547.8916,"Beta"
"419",0.27,0.12,0.03,0.2163,0.12,0.03,-515.2863,-540.2961,"Beta"
"420",0.27,0.12,0.03,0.2245,0.12,0.03,-513.5487,-534.7376,"Beta"
"421",0.27,0.12,0.03,0.2328,0.12,0.03,-512.2096,-529.0416,"Beta"
"422",0.27,0.12,0.03,0.2411,0.12,0.03,-511.2509,-525.5328,"Beta"
"423",0.27,0.12,0.03,0.2493,0.12,0.03,-510.6552,-523.0498,"Beta"
"424",0.27,0.12,0.03,0.2576,0.12,0.03,-510.4059,-520.8818,"Beta"
"425",0.27,0.12,0.03,0.2659,0.12,0.03,-510.4868,-519.7844,"Beta"
"426",0.27,0.12,0.03,0.2741,0.12,0.03,-510.8823,-519.6559,"Beta"
"427",0.27,0.12,0.03,0.2824,0.12,0.03,-511.5774,-519.8665,"Beta"
"428",0.27,0.12,0.03,0.2907,0.12,0.03,-512.5579,-520.6596,"Beta"
"429",0.27,0.12,0.03,0.2989,0.12,0.03,-513.8098,-521.4554,"Beta"
"430",0.27,0.12,0.03,0.3072,0.12,0.03,-515.3201,-522.5347,"Beta"
"431",0.27,0.12,0.03,0.3155,0.12,0.03,-517.0761,-524.1341,"Beta"
"432",0.27,0.12,0.03,0.3237,0.12,0.03,-519.0656,-525.7031,"Beta"
"433",0.27,0.12,0.03,0.332,0.12,0.03,-521.2772,-527.7655,"Beta"
"434",0.27,0.12,0.03,0.3403,0.12,0.03,-523.6998,-529.799,"Beta"
"435",0.27,0.12,0.03,0.3485,0.12,0.03,-526.323,-532.1546,"Beta"
"436",0.27,0.12,0.03,0.3568,0.12,0.03,-529.1367,-534.9387,"Beta"
"437",0.27,0.12,0.03,0.3651,0.12,0.03,-532.1316,-537.9492,"Beta"
"438",0.27,0.12,0.03,0.3733,0.12,0.03,-535.2984,-540.8566,"Beta"
"439",0.27,0.12,0.03,0.3816,0.12,0.03,-538.6288,-544.4759,"Beta"
"440",0.27,0.12,0.03,0.3898,0.12,0.03,-542.1145,-548.4848,"Beta"
"441",0.27,0.12,0.03,0.3981,0.12,0.03,-545.7479,-554.4899,"Beta"
"442",0.27,0.12,0.03,0.4064,0.12,0.03,-549.5215,-561.031,"Beta"
"443",0.27,0.12,0.03,0.4146,0.12,0.03,-553.4286,-572.0718,"Beta"
"444",0.27,0.12,0.03,0.4229,0.12,0.03,-557.4626,-592.9522,"Beta"
"445",0.27,0.12,0.03,0.4312,0.12,0.03,-561.6172,-623.9831,"Beta"
"446",0.27,0.12,0.03,0.4394,0.12,0.03,-565.8866,-659.6925,"Beta"
"447",0.27,0.12,0.03,0.4477,0.12,0.03,-570.2652,-721.3492,"Beta"
"448",0.27,0.12,0.03,0.456,0.12,0.03,-574.7477,-790.2077,"Beta"
"449",0.27,0.12,0.03,0.4642,0.12,0.03,-579.3293,-919.0019,"Beta"
"450",0.27,0.12,0.03,0.4725,0.12,0.03,-584.0051,-1054.3164,"Beta"
