"Rep","TruePeak","Cases","TreeSize","TrueGamma","TruePhi","TruePsi","GammaMean","PhiMean","PsiMean","RunTime"
2,3271,1250,65,0.126326371,0.018759839,0.000967444,0.17709184199961,0.0254912501991589,0.00125325827565354,10.1801684708333
4,461,456,28,0.266566352,0.031780282,0.001947244,0.249712319343649,0.026221870510762,0.00121553740631714,6.90376634791667
5,4107,714,71,0.097311041,0.007642306,0.000758799,0.156203472584254,0.0134316765666781,0.00119287291984448,10.76710965625
7,2675,2076,93,0.11897776,0.037170151,0.001671458,0.238704036160831,0.0349948621773022,0.00153180634729384,13.07626655555
11,2748,1097,22,0.135716632,0.017518048,0.00034649,0.18947605105016,0.0231832483956538,0.000631707516774743,8.43037241945
13,2326,453,27,0.171892414,0.009194553,0.000542292,0.16374358775495,0.0164830185793931,0.000916372633358176,7.05985676388333
14,2904,1401,38,0.136257644,0.023786738,0.000649044,0.194905402237951,0.0247623389103713,0.000778740524344749,10.6403647423667
15,1249,771,43,0.221448955,0.023509855,0.00129882,0.243321452156133,0.0244409796434523,0.00114060143129057,8.15821532708333
17,699,266,14,0.222799595,0.010336318,0.000546618,0.170108744188478,0.019309265443163,0.00104477770607176,5.7834708889
19,1118,548,49,0.2474556,0.02242297,0.002007972,0.203788611375637,0.0228226634828099,0.00160065291439582,7.20646730555
25,4321,968,14,0.092216832,0.009749583,0.00013871,0.205719139785507,0.03162591498697,0.000696566809304339,6.75205651875
26,3684,1731,54,0.100755824,0.021408648,0.000669424,0.249529798842374,0.0236076625162449,0.000778488452867286,12.0708575763833
30,1355,1239,24,0.21932328,0.041654973,0.000815597,0.209812673223089,0.0371416846657074,0.000777947546867577,18.3689430111167
31,2322,609,24,0.199302428,0.015503432,0.000602705,0.241468230799684,0.0190197144475445,0.000783975471314629,15.2510808257
32,1519,612,37,0.225911627,0.018312269,0.001115404,0.18198567211686,0.0198978371715547,0.00109798965686044,7.14776734235
33,998,352,16,0.25530929,0.01513946,0.000684178,0.198001059108047,0.0192605208450353,0.000787936181428432,5.02457858333333
34,5872,897,42,0.057450801,0.005910462,0.000274183,0.131120322926323,0.0179924716575522,0.000865145093842315,8.0383973757
35,2361,679,38,0.163155077,0.01440996,0.000808263,0.180168652851194,0.0195286646376662,0.00106678794129664,7.64650804236667
38,1629,1318,88,0.196915128,0.038868932,0.002581524,0.220998865745264,0.0285266078423437,0.00160313868330328,10.5031761076333
39,3307,1448,108,0.115608187,0.019401086,0.001440182,0.179749735397414,0.018715530547186,0.00126393406525193,12.6782008986
43,967,866,51,0.222411483,0.03093397,0.001815471,0.175376859224307,0.0250083754680863,0.00121824067895814,7.28661518056667
45,469,387,28,0.258721322,0.022742928,0.001618518,0.180226303625738,0.0202824270207741,0.00132690836581415,6.16416913053333
46,3193,961,21,0.136463257,0.014960649,0.00033127,0.173523405387599,0.0235190193429323,0.000619022836957477,7.84903368613333
48,909,673,22,0.270045514,0.029645366,0.000950788,0.238172719681452,0.0323323148682132,0.000995074965218563,6.37973704236667
49,2486,1023,49,0.171275513,0.022428988,0.001071692,0.214424579011552,0.023895350571646,0.00109318667903442,15.3469563645833
50,2055,1535,49,0.15214843,0.033031322,0.001057174,0.184211044802113,0.0162618667795594,0.000483015394767765,11.3763461
51,3601,1325,77,0.086047949,0.013336271,0.00077372,0.154887479245058,0.0143012273231478,0.000787035125172386,10.5990596645833
53,973,273,11,0.189665213,0.007960892,0.000328446,0.151427009457123,0.014009681392497,0.000547241410510516,6.33205391181667
54,3416,1956,97,0.088106693,0.022219615,0.001096786,0.166877991675228,0.0191581918657717,0.000973151257694537,13.5377382527833
55,2209,681,13,0.12500519,0.011040592,0.000217977,0.134987641559298,0.0137998096916106,0.000342743190321293,7.38005343195
56,1821,558,37,0.164016884,0.012357827,0.000825308,0.143382325577808,0.0187275631668664,0.00114430176995875,7.27125514235
57,3973,1061,37,0.075760788,0.009663885,0.000338646,0.188638773925121,0.0159322677519832,0.000619371862890613,9.46444505971667
58,1259,985,23,0.179104375,0.027274415,0.000622567,0.177691267007286,0.0277901099474752,0.000561757978367456,6.98538763125
59,2672,824,35,0.117086418,0.011109822,0.000465649,0.146910056974718,0.0202759401736598,0.000927666288367929,7.43371317291667
63,2962,2242,131,0.090963621,0.028049824,0.001635248,0.135020673702517,0.0256736417462547,0.00147849117786717,13.1327327590333
67,2322,1000,92,0.136185894,0.018202612,0.001674356,0.16626368135022,0.0153950377932817,0.00117338748733137,12.56325024445
68,1535,1034,63,0.161643686,0.025744918,0.001557711,0.20376263489481,0.0231950412850997,0.00139433312844934,9.45829671596667
69,2278,1165,24,0.144021189,0.020153472,0.000411396,0.157200400805405,0.0263270060081592,0.000699335508593048,9.56149941526667
71,3217,2559,145,0.083456442,0.031643137,0.00179289,0.197624052098993,0.0268918723387681,0.00145629941218209,41.1568378993
73,1940,919,33,0.140968123,0.017928417,0.00065095,0.161555785100433,0.0227978393230948,0.000772924157297602,7.2196068
74,4010,2872,187,0.06337694,0.025800245,0.001675316,0.165054335726202,0.0210901633898512,0.00133179110449837,16.323743675
75,2545,457,30,0.135344743,0.006834436,0.000448082,0.156411337245035,0.0106938304782038,0.000696911003000847,7.15114594305
76,1179,1000,42,0.153047694,0.025218688,0.001063796,0.15810405159089,0.0237007447745197,0.000995082361125494,7.17322405208333
77,965,500,4,0.188980293,0.015961249,0.00013584,0.206939976611875,0.0181344419359823,0.00078925558293758,6.09868209305
78,1392,1239,72,0.172734926,0.032846837,0.001906226,0.194279312630341,0.0243750634627872,0.00118679131249425,9.09632738611667
79,3540,1922,154,0.079113579,0.019756119,0.001578395,0.173313148798359,0.0181686701394755,0.00138770893879204,13.6275362402833
80,1529,1156,40,0.152546292,0.027241182,0.000937331,0.176461764749522,0.0299105340795492,0.00102062429550321,7.17757617015
81,2814,914,54,0.110234204,0.011824376,0.000696353,0.167645820013114,0.00962655930507284,0.000587717182030653,11.1963779430667
82,1582,749,37,0.163403155,0.015505299,0.000757017,0.17610742127886,0.0169335096729053,0.000933341291520042,7.55973250903333
83,341,599,27,0.236845006,0.04053185,0.001806394,0.229841434055561,0.0243096362533298,0.00107707953557806,6.4765890743
84,1525,894,66,0.15724649,0.0202913,0.001489825,0.152360643787124,0.0147678246474814,0.0010987279450635,9.50602188265
85,799,403,30,0.201144562,0.015718908,0.001183033,0.172805479254126,0.0166021199965973,0.00105272219507713,6.21603643056667
86,2065,1135,40,0.115114925,0.018144294,0.000644498,0.171545432487262,0.0286036272490676,0.00101567794427414,7.04974542361667
87,6177,1686,62,0.035206065,0.007590798,0.000280136,0.151883170508803,0.0130654390782308,0.000513080445030912,11.05348565625
88,1480,1286,53,0.143116937,0.027620148,0.001130579,0.168573086319439,0.0223366982922026,0.000922752274337556,8.00734555278333
89,2650,1052,71,0.125865497,0.015313466,0.001039478,0.174045183410457,0.0202754389787912,0.00130101370267891,8.44398642361667
90,6805,1653,108,0.027712981,0.006215665,0.000406494,0.109681609456488,0.00917713587917016,0.00059048528162326,12.6137604132
91,1961,1606,68,0.12596108,0.02981594,0.001260124,0.162495264162503,0.027038814949041,0.00114456737737653,8.38392356805
92,858,1065,81,0.189544386,0.037956121,0.002882711,0.229699656286846,0.0260585534937737,0.00160383570555322,8.81742729166667
93,1553,1109,86,0.148902837,0.02474688,0.001907587,0.163758437255807,0.0198044617028832,0.0013658206928734,9.03923525208333
94,3730,2026,20,0.073474744,0.019008113,0.00018319,0.198736277053272,0.0179769793201909,0.000219428349881025,10.6869006388833
95,1591,689,15,0.148262294,0.014959764,0.000325067,0.169559062630966,0.0251545017391891,0.000585798177122149,5.84723690903333
97,2167,1814,83,0.128615763,0.033269219,0.001516499,0.160662906170311,0.0266551495411666,0.00117931302034503,9.94005298541667
98,1356,423,29,0.176515298,0.009793753,0.000659283,0.158584675998616,0.0144305029598743,0.000985771901501261,6.01901152846667
100,4923,3077,216,0.04773004,0.02118197,0.00148677,0.173374782021106,0.0176052209321028,0.00122454337526646,11.7421200465167
101,635,656,27,0.21627262,0.02777149,0.0011215,0.198503415445108,0.0311502795757497,0.00121633678567313,4.96348360486667
102,527,573,39,0.22071722,0.02638292,0.00179215,0.215256542154035,0.0250264427744283,0.00128823759262498,5.22482585765
103,1108,601,60,0.18325218,0.01833806,0.001837,0.20406202598432,0.0163821521274475,0.00156997029257689,6.24402148056667
104,1755,1049,46,0.13777218,0.01887248,0.00082142,0.134840066946993,0.0183099821385749,0.000841927614439415,5.94784733471667
105,3393,949,34,0.09561619,0.0103093,0.00037403,0.140811853715774,0.0229932146144346,0.000982619664888437,5.60011834166667
106,522,370,18,0.23122709,0.01817268,0.0008872,0.166304650976349,0.0203950628557474,0.000969141304861108,4.9838416757
107,1266,61,3,0.16255977,0.00119287,5.03e-05,0.147110626272444,0.0176357458335332,0.00096196491242593,3.7910959618
108,197,227,15,0.30015459,0.02847592,0.00190222,0.245519615791036,0.0232347191722538,0.00118743098336289,3.63682021388333
109,2635,1658,57,0.097061371,0.021738038,0.000740529,0.175533423457767,0.016509705006831,0.000638025442167936,7.15451466596667
111,2248,652,32,0.136139207,0.010701744,0.000529494,0.162244873694099,0.0194150339790324,0.00102579616047443,5.02881089791667
112,2086,1017,67,0.127991828,0.017243031,0.001133176,0.190966608169131,0.0236861483366027,0.00144387174832792,6.35327740903333
113,3693,239,10,0.090625493,0.002549855,0.000108247,0.166301771068592,0.0134504147043316,0.000540496139568185,4.45813968056667
116,4759,1624,93,0.06044896,0.012169742,0.000692859,0.154342839067333,0.0157883922837061,0.0009392711525596,6.98001401805
117,2380,1571,91,0.116894026,0.025459697,0.001467511,0.168612482988739,0.0195967733085203,0.00107350224621845,8.17527297223333
118,1402,732,39,0.162141409,0.016390212,0.000879713,0.138825481306791,0.0187489169214724,0.000986254596354528,5.16711057846667
119,2365,319,12,0.137680158,0.004941343,0.000192497,0.155453684386506,0.0161412968690483,0.000760644577806763,4.47914613888333
121,441,272,10,0.227514721,0.015430864,0.00058449,0.165777074093724,0.024593766870396,0.000886733607402903,4.60019422778333
122,1886,1363,29,0.124649363,0.023897103,0.000502866,0.153155500600374,0.0220921038747843,0.000557193970412411,5.39088960416667
123,1302,983,68,0.170897723,0.025576159,0.00177102,0.200470410739847,0.0212802185745201,0.0012913075320862,7.35543824513333
126,1110,465,19,0.17843585,0.013386492,0.000554573,0.224783688187163,0.0237905561189447,0.000805415998690233,4.24993421806667
127,1207,1118,62,0.171490014,0.030569106,0.001702701,0.23319424787761,0.0267410661786059,0.00135987310016042,6.11210285833333
129,650,549,20,0.206290884,0.022469055,0.000818271,0.185851799326919,0.0232789967360336,0.00089465021797674,4.07587582013333
130,859,822,45,0.177161156,0.026966321,0.001467274,0.244756388113736,0.0263280840187053,0.00128100425565877,5.36130739375
131,580,752,77,0.195795794,0.032823721,0.003342835,0.22136339906285,0.0268701622898175,0.0018270568181553,6.31515064791667
132,3802,1976,141,0.074438118,0.0196875,0.001402738,0.192067234155281,0.0173386344846616,0.0011611801807395,9.75365210973333
133,379,355,9,0.238252812,0.025025828,0.000606767,0.17032538326514,0.027715377620413,0.000923081892119616,3.88381130625
134,2441,1414,50,0.118128388,0.022217727,0.000786032,0.160488806433196,0.0281740578278374,0.00100274686653371,5.96389933263333
135,3409,2520,103,0.072788875,0.026720509,0.00108994,0.155446164633854,0.0250520258664569,0.00106900571462715,7.56318606458333
136,2189,1667,123,0.118707375,0.027740341,0.002040336,0.158669337628139,0.0234410318190986,0.0015811170582964,6.8843517125
137,3949,633,8,0.077197583,0.005770497,7.69e-05,0.171866278497566,0.0281197792566091,0.000574112221486459,3.55278964931667
141,1842,529,16,0.150698308,0.010571401,0.000312799,0.151609636507828,0.0261716458359605,0.000949672668255267,4.04122952708333
142,567,513,31,0.223436395,0.024746829,0.001480572,0.2056927178408,0.0211394580876234,0.00106347048702974,4.84715010486667
143,2587,325,12,0.130894827,0.004650175,0.00017506,0.168555698334616,0.0149308644889625,0.000702341694916795,3.88072855068333
145,2314,1276,85,0.119743159,0.020259487,0.001352965,0.157425746476698,0.0205102951373404,0.00129325198006854,6.99589012361667
146,1710,1181,29,0.146138758,0.024820752,0.000608517,0.186983881659392,0.0299002963706733,0.000665798340235601,4.79806032776667
147,912,218,11,0.20319995,0.007957279,0.000402692,0.176274532525374,0.0132628375964062,0.000569036187033713,4.09445413958333
148,1972,498,28,0.166262474,0.010525376,0.000599025,0.180517796551208,0.0128199924937044,0.000743809760206014,4.6072671507
150,1268,611,22,0.182857633,0.016367366,0.000589694,0.157030649678025,0.0196917275285582,0.000763326602314483,4.11913961805
151,1215,632,30,0.175850725,0.018304491,0.000879236,0.231041393393862,0.0224033090826339,0.00107822651624142,4.78694187778333
152,800,247,10,0.210453002,0.008632182,0.000342269,0.149093424457643,0.0212965910946285,0.0010390866527417,4.12780943611667
153,475,388,26,0.230416027,0.0281727,0.001909725,0.21673314388721,0.0274926594633762,0.00144016549881096,4.56333705903333
154,345,326,22,0.24038254,0.018962047,0.001289975,0.186158365328696,0.023158215697524,0.00120331229258936,4.46826693611667
155,1417,1148,35,0.134547865,0.024707613,0.000742613,0.168960914697382,0.024162441102096,0.000862661257856806,5.05127300971667
156,2823,1344,130,0.100374544,0.016999975,0.001647381,0.171808574524074,0.0169332340163934,0.00144143173301797,8.64275149305
157,1688,82,4,0.166730579,0.001733884,7.47e-05,0.175797136520884,0.0195417269767639,0.000777194555061829,3.33571889445
158,2684,659,23,0.127739133,0.010536055,0.000366667,0.170926070349309,0.0187886220245883,0.000667736652500583,4.45112678958333
159,2850,1193,58,0.107576852,0.016021446,0.000774353,0.143834169811282,0.0176747604631124,0.000885303945666264,6.49529910416667
160,1633,1084,72,0.149191378,0.023852215,0.001586292,0.174051711530301,0.0235691828661058,0.00140037246748396,7.28161464375
162,995,1223,35,0.175187581,0.038470983,0.001111122,0.211554372116135,0.0371745434443394,0.000991920550594023,5.56994439306667
163,842,782,76,0.191213805,0.025611256,0.002487305,0.225589284914881,0.0206432195287781,0.00160778365740436,6.25613958958333
164,1619,349,29,0.17742203,0.008249449,0.000674247,0.177437729635481,0.019080790278371,0.00114604102609458,3.92325680208333
165,1551,1352,37,0.154578014,0.03217631,0.000873171,0.170629897406145,0.0311211045095877,0.000978475249451549,5.1835348618
168,3154,1627,71,0.081122222,0.016769383,0.000735044,0.15546209875304,0.0220153692561282,0.000975214076135871,6.65316917083333
170,5726,4195,184,0.031304138,0.023549278,0.001032223,0.189173139210739,0.0210148136496676,0.000884213064034735,12.1123668972167
171,1601,854,59,0.167335193,0.020905045,0.001437718,0.192813507204322,0.0179800966438093,0.00118140598242567,6.16736251666667
172,2272,1315,99,0.122916173,0.022036701,0.001661264,0.249852362358904,0.0185556285402664,0.00127707120271572,7.77416600973333
173,1136,477,21,0.182706502,0.01431568,0.000620502,0.207631324622266,0.0230274125982971,0.0011136439596298,5.06876749375
174,450,760,32,0.212370506,0.038447704,0.001592305,0.213998261117359,0.027835211480238,0.00110937837118009,5.53146752638333
176,1249,576,31,0.158949952,0.01331155,0.000708911,0.157911309760302,0.016542924166666,0.000917054391466957,5.09129452013333
177,1133,907,37,0.178148069,0.024748341,0.000998085,0.194244628933338,0.0284625290773103,0.00104100838419174,5.5618191132
178,2989,1914,83,0.095468103,0.024812438,0.001071541,0.146460667528258,0.0262305690632236,0.00111583226265446,8.27514450903333
179,1049,753,27,0.176805553,0.021946806,0.000795026,0.170583694714598,0.0221803080337045,0.000902174232719303,5.0781586757
180,2433,1722,53,0.110060166,0.025548434,0.000790247,0.164940065110101,0.0289723126015217,0.000837957829342845,6.80083729583333
182,2220,2253,98,0.106489521,0.036806443,0.00159241,0.203443430596933,0.0248217108782088,0.00108398115072158,7.67457014443333
183,714,248,20,0.199149655,0.008679806,0.000702258,0.184941939707637,0.0118739959541325,0.000778197133918903,4.29002364861667
184,3062,1366,92,0.100364596,0.017502853,0.00118219,0.165049547371013,0.0125909483445739,0.00084894912167077,8.45173156528333
185,2911,2437,193,0.085800701,0.030262329,0.002395584,0.139248903237234,0.0216341690810477,0.00159444420536232,10.6444043833333
186,380,597,38,0.236929063,0.037524822,0.002394347,0.261901526455083,0.0268550320512136,0.00137728574760301,5.229930875
187,4188,3058,239,0.065826431,0.030502167,0.002378538,0.181870895491611,0.0223991849381335,0.00155821760475864,13.5557180333333
188,2130,1694,112,0.12044526,0.028927478,0.001918565,0.180213788997594,0.0276383612563514,0.00157835887298059,8.10453887151667
190,766,1387,57,0.161925055,0.04684577,0.001938756,0.264737652287157,0.0360057887830955,0.00136737191056551,5.89772080625
191,2543,1111,23,0.123711059,0.016944401,0.000357932,0.142058942924522,0.0288053859498937,0.000771132427435472,4.75470241943333
192,895,658,36,0.198694189,0.024013341,0.001325132,0.193907449416709,0.0279255156164303,0.00137648303811529,4.9923189014
196,2672,1263,75,0.116003055,0.018687462,0.001116187,0.147182009975564,0.0190586740749471,0.00118323029025997,6.75663145068333
197,1619,491,27,0.152109765,0.010189156,0.000549355,0.161036145750033,0.0195245490220402,0.00109727945068414,6.53185459515
198,2345,1129,49,0.120570645,0.016789002,0.000733258,0.130455984672366,0.021888966713642,0.00103399731278252,6.8838211375
199,920,1111,65,0.166501864,0.035846255,0.002093788,0.25982183604528,0.0269076818866689,0.001384190627834,5.69008242291667
201,242,260,13,0.2335541,0.025125017,0.001296417,0.202918038965263,0.0233582210957988,0.00113989591635235,4.44614025763333
202,3835,1933,53,0.074570363,0.018272914,0.000498646,0.169204392911424,0.0166467730429466,0.000443177819326867,7.28533906111667
204,2695,1311,62,0.105066612,0.017580603,0.000831366,0.19471496369232,0.0185331629499952,0.000899223213216359,8.20073054583333
205,2392,583,27,0.132739074,0.009548886,0.000443959,0.157658965918226,0.0183347689765866,0.000851900215286782,5.97345872361667
206,669,179,7,0.241981681,0.008462421,0.000341294,0.20255446098297,0.0203176548830032,0.000861736651154032,4.80215133125
207,3215,1911,69,0.091717264,0.023152362,0.000838855,0.163353812764751,0.0226326001589971,0.000808645466264335,7.50611419723333
211,1915,1646,38,0.131754065,0.031668569,0.000728533,0.19754447678493,0.0319104308440767,0.00077779722519428,5.86141370763333
212,1671,455,27,0.147717186,0.009364999,0.000555782,0.151101640180036,0.0173656933035761,0.000901384958205101,4.75155358265
213,443,235,17,0.243583351,0.014448442,0.001032899,0.194660715464915,0.0195317087737546,0.00116839859302651,4.2927499382
217,377,543,29,0.233623922,0.037120752,0.001980741,0.234528948228717,0.0279061338501927,0.00114952540861395,5.29580092776667
219,370,56,3,0.257994599,0.00318745,0.000167683,0.151932945519915,0.01535790689287,0.00088042396931355,3.74499983473333
220,1492,1302,58,0.150762358,0.030739345,0.001366123,0.207882604297544,0.025755168350605,0.00110482489802274,6.58610332708333
221,2183,1606,138,0.120376727,0.027002424,0.002314693,0.214801985041259,0.0227449629505755,0.00174227896499164,10.4110959083333
222,666,594,21,0.195861381,0.026287369,0.000949139,0.25532510155238,0.0254398514072443,0.000813371421436813,5.10314571596667
223,2015,820,47,0.127383805,0.01331185,0.000761087,0.157350343296073,0.0210570664223753,0.00109111877763896,6.05913670138333
224,854,499,12,0.191491498,0.017425611,0.000414338,0.15529715547463,0.0254315863327715,0.000772801894791008,4.46346366181667
225,3894,2504,115,0.072888679,0.024684043,0.00112901,0.148049364844135,0.0250696423582302,0.00122094369742085,9.04824252848333
226,946,736,45,0.179454985,0.022582958,0.001371012,0.204030099059082,0.0244806327245543,0.00123507289233546,6.03902371388333
228,3076,337,25,0.118449386,0.004389105,0.000320436,0.126128015484867,0.0147189805407418,0.00101436398756593,4.47605310416667
230,463,513,25,0.238897419,0.029301164,0.001399631,0.209098250947288,0.0242633000848332,0.00109669055636569,5.37644884236667
231,616,244,14,0.221651388,0.011649144,0.000664262,0.161299790330958,0.0129439175932278,0.000854967089606744,4.86363543403333
232,1957,1053,32,0.122966326,0.017873193,0.000550657,0.137384024449364,0.019133518950809,0.000566219701885978,5.82393278401667
233,1844,990,27,0.13620519,0.019124208,0.000523035,0.199568770018055,0.0253067682059055,0.000780483878068478,5.2883709382
234,1116,440,13,0.160037264,0.011361633,0.000344666,0.172164703634352,0.0165336324154854,0.000606352442210026,4.99589220971667
235,3520,737,17,0.098808268,0.008565446,0.000192224,0.141639778457008,0.0213506016053005,0.000643902496093894,4.61503972083333
236,3480,1419,43,0.083342169,0.014420123,0.00043247,0.12169325698738,0.0198080729519354,0.000699510030184168,5.9404162882
237,975,672,20,0.187951604,0.020135024,0.000585754,0.161895822037451,0.028082350880853,0.000896025984064478,4.98912595416667
239,5263,2085,82,0.046910647,0.012482084,0.000488668,0.147975740633694,0.0202574413151298,0.000840089850575327,7.95575921041667
240,2652,2352,58,0.105020697,0.035627162,0.000876426,0.176946399867093,0.0348779454578815,0.000913343782053942,6.67604427013333
241,1305,358,23,0.172424561,0.009075755,0.000580606,0.125778905739676,0.0114961384081489,0.000794085729939833,5.3167870639
242,3019,518,32,0.092349584,0.005193168,0.000320717,0.151643308637882,0.00997777247395909,0.000647729235738345,5.61093603403333
244,490,488,18,0.240976032,0.026046851,0.000933496,0.149302082315147,0.0279991302755101,0.00106665509982062,5.07382562221667
245,1339,1412,80,0.149542668,0.035206415,0.001995989,0.183389965434006,0.0300676695550428,0.00149615332565139,7.88504524861667
247,1979,1021,62,0.131907904,0.018510068,0.001129262,0.151739805630336,0.0200994487279714,0.00115684158087971,7.32810528333333
249,3289,3064,200,0.070893862,0.033894967,0.002213987,0.20676691070183,0.0229732171168832,0.00142657944909704,13.1732197333333
251,546,711,13,0.207741561,0.03924418,0.000701252,0.24003354264177,0.0250155931382927,0.000661748415729547,4.99380110208333
254,1539,851,40,0.150108248,0.019825955,0.000940345,0.22487838695223,0.0222231292613883,0.00103241575722655,6.11531569513333
256,933,554,16,0.186817197,0.016559426,0.000486021,0.186194453578224,0.0220146718322442,0.000834243522953183,4.49535296735
257,1596,1164,59,0.134418214,0.024172708,0.001220298,0.181310566398129,0.0232262318895131,0.00113867124962255,6.21049727778333
258,857,787,30,0.182454697,0.023816221,0.000900514,0.180558664065963,0.0274192086651884,0.00102587521415572,5.04744599653333
260,485,614,31,0.221403714,0.034366632,0.001752007,0.223839271426126,0.0214841833320327,0.000906097957364137,5.22354080276667
263,459,934,47,0.202061405,0.048359227,0.002427784,0.28651624651352,0.0298469282663779,0.00132270951200741,5.79992101736667
264,1329,1219,96,0.147015057,0.028500022,0.00223243,0.18187202345334,0.020158663453961,0.00140388715580442,7.75681092153333
265,2360,2760,181,0.092292872,0.040321678,0.002646489,0.241314892011564,0.0275054417838686,0.00164894896516926,11.6538460270833
266,203,77,6,0.291608801,0.010826307,0.000826037,0.17779008327516,0.0157906037272493,0.00113214818232921,3.98779003125
268,763,631,25,0.204386006,0.02502032,0.000980862,0.229623274872477,0.030023362699554,0.00112505601494506,5.3025753132
269,4282,2981,200,0.054931548,0.023798641,0.001599044,0.166719330870124,0.0181698743008533,0.00118126217203683,13.6129920784667
270,522,190,12,0.242339304,0.009275683,0.000581695,0.148752484868858,0.0221165238635061,0.000986197810825192,3.73394379166667
271,3460,577,19,0.096787554,0.006498697,0.000212093,0.138139442105674,0.0216205776524547,0.000873399158914617,4.46214469236667
274,3187,1843,46,0.0840237,0.020524552,0.000513281,0.159141324738931,0.0294599486694429,0.00083051433638335,5.92473244236667
276,2140,1891,68,0.099949449,0.027406108,0.00098299,0.206019444572057,0.0252214412012087,0.000927328196208741,7.06577186041667
277,1042,768,52,0.191324407,0.025140877,0.001703223,0.178587760480185,0.025057178784747,0.00145729146147306,5.70774217776667
279,1297,252,14,0.174700305,0.006663653,0.000380167,0.174601756583888,0.0185359303482289,0.000917294476521739,3.97600777986667
280,1679,541,36,0.169012734,0.01235895,0.000820041,0.169321419888586,0.0144214837362716,0.000908488433455873,5.01441650276667
281,986,952,46,0.184819839,0.03140925,0.001519314,0.181553608694935,0.02366254745084,0.00102584807196119,4.88487038818333
283,2394,1485,26,0.106520433,0.021736575,0.000381615,0.158787549602556,0.0232535422118714,0.000401952580210983,5.36513582778333
285,3124,2877,145,0.089374571,0.040939604,0.002067524,0.203064500103532,0.0296776933402947,0.00142618757449553,10.1606328972167
287,1339,851,37,0.178148069,0.021946806,0.000961983,0.1821443003492,0.0252073069699716,0.00105555303218765,5.204832875
289,2539,888,24,0.109517121,0.012086684,0.00032343,0.165135928643106,0.0127485030530862,0.000380967717819466,5.6629503986
290,2128,1204,47,0.144121987,0.024320056,0.000942954,0.208657661100905,0.0222388142388149,0.000864161440995648,5.66901164861667
291,2302,1451,30,0.119016289,0.023780187,0.000488383,0.180500470808785,0.0321134244296187,0.000639191095512434,5.19813374513333
293,3303,2062,48,0.07784142,0.022407308,0.000522052,0.189619399496048,0.0277854740857381,0.0008450408773503,6.27123138193333
294,171,169,16,0.215993775,0.027718763,0.002673912,0.230117380857144,0.0229242146652471,0.00118413784305403,4.35699389445
295,869,922,30,0.18642197,0.031133718,0.001022747,0.165944009813948,0.0256940790017638,0.000821957123065821,5.27006326458333
296,2944,1232,38,0.106679994,0.017047762,0.00051895,0.167219970438758,0.0203242764289393,0.000742208280952163,5.67403732916667
297,182,277,8,0.257605972,0.03289848,0.000994099,0.162569283367955,0.0233223910034955,0.00092044372749683,4.2678411368
300,3692,2559,135,0.073976837,0.02676005,0.001407168,0.132076609054978,0.0266845517501204,0.00133647382690654,9.3419003618
302,2667,3223,260,0.064428771,0.036638624,0.002951776,0.163374889675973,0.029202252490809,0.00236434341496484,72.4537912696167
303,547,1198,71,0.154148743,0.062785171,0.003698592,0.273108239597325,0.0451131930569977,0.00244687872195364,36.10033408365
304,1920,3101,98,0.070977984,0.045496148,0.00143655,0.220788512629548,0.0393003376687396,0.00131695735360502,41.42652329205
305,954,964,53,0.193695316,0.030800441,0.001688113,0.188462903446663,0.0383405152369644,0.00216559041917906,30.3181610050333
306,2684,1597,110,0.108695443,0.022506346,0.001543875,0.146585407928138,0.0244457725649812,0.00171573542758593,43.5296916433
307,1165,1521,91,0.146943799,0.03899008,0.002318551,0.196708878035189,0.0403538448767272,0.00217873588936435,38.3668234814167
308,512,733,36,0.15857872,0.043990094,0.002154403,0.222846946026257,0.0443756840015666,0.0022095599544507,29.1546387201833
311,4034,3305,56,0.057118579,0.029921629,0.000507861,0.154006358648748,0.0391780019959309,0.000771949482767471,34.1178132645
312,841,483,24,0.178968303,0.016186149,0.000805331,0.152978667031557,0.0322552121015638,0.00169642121044333,24.5154352139167
313,645,803,43,0.180684058,0.035071646,0.001872823,0.201593661248464,0.0386671308603387,0.00214216620745015,27.3505382395167
314,674,759,28,0.19559727,0.030148215,0.001108324,0.136228199636143,0.0393409363017976,0.00167981412037732,24.1045675331667
315,1480,2032,85,0.113327769,0.043210649,0.001815288,0.186114269622889,0.0406377767391345,0.00172971376419029,35.6781111999
317,238,311,12,0.148720874,0.040611061,0.001581442,0.209875574664682,0.0426470137906108,0.00161547474656258,22.7988537672833
318,1717,1509,62,0.101047534,0.024626722,0.001014269,0.189179703843924,0.022543159431018,0.000975736546350432,33.08435845375
320,2961,5171,286,0.047829657,0.060240339,0.003329494,0.176244923607349,0.0458300475020111,0.00253636948017462,69.52374669555
322,274,233,8,0.211301382,0.018637299,0.000625378,0.159574270052965,0.0352965561233347,0.00186902031179441,19.2494300249
323,998,1544,45,0.136225307,0.04738184,0.001376701,0.240495725893005,0.0447070139379714,0.00139850361898875,26.3568713808167
325,4667,4925,125,0.027772232,0.029645564,0.000754465,0.202148483226818,0.025582089933458,0.000715675992000957,44.8835202825
326,1118,548,49,0.199725418,0.050906175,0.001408904,0.203788611375637,0.0228226634828099,0.00160065291439582,7.20646730555
329,1264,2820,145,0.1059907,0.066307706,0.003411445,0.238401950014275,0.0457051022744539,0.00227225163008407,41.2163423826667
331,147,159,13,0.235791976,0.038561299,0.003144862,0.222630149862003,0.0330999381299431,0.00249752961189335,18.8951638383
332,308,600,25,0.232020023,0.041157292,0.001697406,0.183120991582316,0.0473119682770814,0.00223294943413056,20.69964871275
333,102,179,16,0.190116101,0.046821689,0.004103348,0.267665997414984,0.0312735455701503,0.00238624075966129,20.1681087409
334,48,63,4,0.219756413,0.035296525,0.002183071,0.18222583408209,0.0381418081304953,0.00201765823847956,17.3818415261167
335,201,478,31,0.18242805,0.049371764,0.003161287,0.228943312565176,0.04184849968299,0.00242661696541182,22.3170902495333
336,2933,4011,222,0.054972475,0.042233044,0.002341854,0.217299090071722,0.0271445924071077,0.00148181256402292,51.29341365455
337,631,1283,105,0.16599679,0.06397912,0.005212543,0.28648409304703,0.0408471093268274,0.00314085582102341,32.1535429718167
338,2813,3805,187,0.065780602,0.046799677,0.002295685,0.162706996634406,0.0402393615269963,0.00194578446506937,44.0328650943667
339,283,603,18,0.198035163,0.04335983,0.001312762,0.210265093182267,0.042920700323605,0.00120782062283556,20.7884225198333
340,2628,3573,291,0.261076758,0.02701922,0.001524104,0.161058329055356,0.0336754783759054,0.00270935884527681,57.2236742897167
342,725,1368,27,0.135782049,0.044567815,0.000877169,0.225234196494987,0.0493301842579848,0.00122966085393605,22.4626603645833
343,4141,3530,169,0.049741395,0.027508995,0.001317828,0.116637501602078,0.0357979149237894,0.00178267894301649,40.5392988363667
344,62,80,4,0.198917959,0.036155724,0.00170448,0.156663207906962,0.0446830815860683,0.00197252554820474,17.5370605596833
345,1239,1618,120,0.114676806,0.036032519,0.002661917,0.189706322434083,0.0355621972487322,0.00247916955282363,35.0366696065167
346,380,655,52,0.205156926,0.042859231,0.00340892,0.212601687744002,0.0439201432351165,0.00306650720024235,24.4317887639833
347,63,123,5,0.203875811,0.053944915,0.002319892,0.112999248745268,0.041772935325008,0.00187619291140909,17.6010057521333
348,1167,1582,80,0.141354424,0.042051198,0.002114161,0.186838898952665,0.0390892753627535,0.00198561861631381,29.3011915584333
351,1009,1398,48,0.139593352,0.037619653,0.00128708,0.201498400935581,0.0431974606970451,0.00159242432325178,24.9313578377333
352,1576,1552,25,0.12236745,0.029590277,0.000471251,0.172709784289988,0.0380231541761969,0.000812456924164437,21.9551246368167
354,139,217,12,0.1970975,0.042715999,0.002347242,0.177510088791138,0.0436640389765367,0.00192494905220213,19.0615095210167
355,4494,5256,109,0.027722709,0.03330477,0.00068915,0.207746996991414,0.0381072859392781,0.000886485287270329,36.0618096808833
358,159,189,10,0.207221233,0.049205872,0.002680144,0.214751270505279,0.0421020505441955,0.00197260537083835,18.5068268617833
359,783,954,38,0.153449769,0.033317589,0.001312464,0.197955501878523,0.0371720507420939,0.00157735865760834,23.5177013182333
360,55,122,8,0.213539787,0.059339938,0.003868734,0.193886636773687,0.037165623955768,0.00213083633998201,16.5964562446667
361,728,1357,49,0.145551967,0.049203628,0.001780593,0.185442300713002,0.046233027427636,0.00169708254010555,25.1895245859
363,677,718,44,0.158587214,0.038774919,0.002390882,0.296629626068189,0.0328291345953737,0.00199777790184634,24.0137394316833
364,906,912,40,0.143648393,0.025982244,0.001144489,0.20224214386066,0.0331064497642373,0.00152208955979326,23.6183857937667
365,1033,1246,70,0.139028476,0.032676655,0.00184506,0.15950743248866,0.036740558991004,0.00199612871897439,28.5108500170167
366,374,463,39,0.201076512,0.037298072,0.003124369,0.255104941534221,0.0318248315777616,0.00234914532963189,22.8647208477833
367,1965,2696,97,0.0893369,0.049231426,0.001764432,0.247191772305205,0.0406958468505649,0.00156826718263601,31.6019268574
368,1656,2309,93,0.10994667,0.044632969,0.001796463,0.166642314467312,0.0430280493362578,0.00177625537456787,30.83119599025
370,1641,1818,131,0.09362061,0.031375372,0.002266655,0.21747448832526,0.0214761813267893,0.00160065446505404,36.8799705927667
371,3666,3389,208,0.056222564,0.030601799,0.001875494,0.147832252904837,0.0294844955512629,0.00180681642249074,46.8762396115667
372,1747,1768,111,0.130862775,0.037985601,0.002379415,0.15609245943768,0.0339084358328495,0.00215520783905825,33.5030653775167
373,2995,1536,61,0.090814105,0.017489877,0.000693057,0.168726709924235,0.0288179692064412,0.00123252203659344,27.3801659905333
374,2364,1414,75,0.10805953,0.021409487,0.001134159,0.179953065367751,0.0310865002536074,0.00161840081719015,28.8631600227667
375,245,228,11,0.153489047,0.040682726,0.001987619,0.200826642417488,0.0431432026279132,0.00171544368607088,19.1897014820833
377,2334,2760,111,0.076752335,0.036544141,0.001475702,0.214570360234623,0.0344220497002402,0.00136540948093306,35.2254162965833
379,1416,1296,82,0.129481476,0.029728412,0.001875519,0.196017647578354,0.0351362261153609,0.00218996524190166,29.2825172901667
380,4270,4138,187,0.034402908,0.027063809,0.001220151,0.169520365513635,0.0202937095747258,0.000949419793128572,46.7182944589333
381,1100,1623,108,0.142541147,0.041356019,0.002739477,0.224225058726145,0.0395461434636446,0.00252540921324945,33.2012981654333
382,478,810,21,0.162046917,0.040096384,0.001049371,0.211788613692977,0.0401850309909573,0.00102354438898347,20.6170703234667
383,1024,994,49,0.173533613,0.029608607,0.001446157,0.154075334565598,0.0364033553052037,0.00183591703805622,24.8846262408167
384,726,1189,112,0.140819852,0.038045558,0.003585251,0.236932820068433,0.0315877537110197,0.00272115296578046,33.8236728653833
387,802,1012,34,0.152277827,0.032674766,0.001087184,0.185962378439671,0.0392073462775803,0.00143957121439284,22.4275673681667
388,1958,2897,201,0.081164921,0.043756756,0.003034153,0.215002905691701,0.0351840928544898,0.00237526195883875,45.4742755724
389,3038,2557,101,0.07965165,0.029827057,0.001183246,0.139229320991985,0.0367180601707237,0.00151339216212786,32.3129523276667
390,1672,3154,114,0.080265737,0.055063365,0.001985096,0.252510713900547,0.0413684761036502,0.00159854993884618,35.3968898443167
391,4583,6808,369,0.019682326,0.045869207,0.002488503,0.183989771287227,0.0332581652673328,0.00182648396632576,87.4420358958667
392,3772,4909,69,0.042677998,0.044504844,0.000628838,0.190723389199219,0.0382395236753352,0.000564900629927843,39.34017114545
394,239,397,13,0.252344178,0.036685612,0.001239729,0.191208811462058,0.0421303315161392,0.00134684201582013,24.2756080961
395,2470,3485,130,0.069713671,0.044615132,0.001665754,0.215734054345847,0.0412705868577564,0.00154076325659363,45.9041218162
396,1400,2152,82,0.103317775,0.044711806,0.001695178,0.166870955727723,0.0442785390970306,0.00174425319511824,37.6996719965667
397,578,690,30,0.165740637,0.025804575,0.001102879,0.205180136681505,0.0350148286121246,0.00161618336423363,28.9195100329667
398,147,251,19,0.193896718,0.046426687,0.003450597,0.207050425601015,0.0440014741001908,0.00248416714736978,24.8530751712333
399,702,895,56,0.218525736,0.03687234,0.002290889,0.214169360321608,0.0406948039084178,0.00230172548496338,34.0426658756333
400,2166,2154,133,0.10552111,0.035720723,0.002199262,0.167846299694937,0.0361699127787617,0.00212844778747605,45.4307505565
401,2391,2671,117,0.107610937,0.048056087,0.002096414,0.160864942430095,0.0491899058033173,0.0020901409737843,8.80495622986667
402,1052,1068,45,0.17011989,0.030774517,0.001303543,0.177715361696506,0.0369060694098759,0.00151684116994943,5.92612181041667
403,43,98,6,0.278428498,0.049379259,0.003192501,0.161386264611845,0.0359617761487838,0.0019139897097783,4.25703204791667
404,1295,1635,89,0.14791526,0.042861779,0.002329803,0.184205142154827,0.0402663901658192,0.00212822078948432,7.70973918681667
405,2719,2334,124,0.093278703,0.032200193,0.001712133,0.177546659997362,0.0416765912901019,0.00226665032752422,8.9490801125
406,1637,1300,67,0.148923191,0.029754634,0.001538946,0.150219539892355,0.0380490768739195,0.00204937731863032,6.54470035971667
407,577,1132,76,0.190732634,0.050568708,0.00336993,0.212442042427157,0.0464973200335124,0.00283398102940513,7.18765145486667
409,3030,3538,189,0.074148285,0.044633889,0.002380297,0.158365483863862,0.0434999684475597,0.00223717003290817,11.6047392152833
410,3434,3477,162,0.061883728,0.033935083,0.0015835,0.177183152740419,0.0367267948262627,0.00174625171124404,11.6728806222167
412,1909,1828,146,0.135516567,0.038567762,0.003079194,0.169180320839632,0.0344728173128754,0.00262949569425299,10.58941620555
413,3176,3393,333,0.068610606,0.038786539,0.003802292,0.164387153523504,0.034924776610819,0.00326866651617115,18.27481940485
414,1071,1731,100,0.156367866,0.052583811,0.003041924,0.254197401043284,0.0444241620131852,0.00238450621833297,6.97128596596667
415,2164,1176,40,0.122603234,0.018360334,0.00061616,0.126780455300927,0.0386513825541935,0.00148761561920345,4.92497688193333
418,2717,2192,43,0.089444554,0.028508647,0.000562036,0.154712684590938,0.0343125034578587,0.000794447908611085,6.14360228055
419,1438,1475,93,0.142531925,0.032833762,0.002062377,0.193363959613071,0.0395302146043131,0.00245545838242233,7.6739807618
421,1444,1291,88,0.145857973,0.029162454,0.001979462,0.150476925966153,0.0369798327237912,0.0023281758364886,7.38388879305
422,613,845,53,0.195202034,0.038530423,0.002424404,0.165459557134838,0.041776686214238,0.00261733485597993,5.83113793888333
424,2301,765,44,0.131676816,0.012665045,0.00072174,0.13847706803333,0.0260703327521469,0.00171891775883274,5.43012612013333
425,1265,1291,64,0.174245074,0.037745563,0.00187724,0.171509037059716,0.0464053517600764,0.00228085131672054,6.16357715346667
427,4197,3555,135,0.057271245,0.032306768,0.001225948,0.148395522956638,0.0286313814866797,0.0010811149526223,9.79647868263333
428,158,336,20,0.260859047,0.051613613,0.003042916,0.242922408289782,0.0401977183318792,0.00226192959961791,4.46644935833333
430,838,1291,80,0.170543159,0.04032343,0.002500557,0.184075036239696,0.0402765756990997,0.00248272401832328,6.83964195973333
431,1995,2020,92,0.107048862,0.033640501,0.001523345,0.210860341522446,0.0336861173080158,0.00149560660833877,7.59300561111667
434,1722,2167,37,0.114632297,0.04329295,0.000736033,0.17890293938476,0.0411447682221844,0.000704060874274921,5.6360321389
435,1265,1158,52,0.176361889,0.032527111,0.001465098,0.157237078951449,0.0351904250722973,0.00166576278184975,5.70880063541667
436,732,1446,90,0.167822799,0.056591937,0.003536392,0.217937672838977,0.046212842284763,0.0027794700366464,7.09221037291667
438,1579,1739,61,0.131310389,0.036419771,0.001280313,0.140405933984675,0.037285246898608,0.00136463957085886,5.97577605346667
439,1458,1281,40,0.133204395,0.028457227,0.000881634,0.143130721931262,0.0384389049779321,0.00134758408075052,5.17517015208333
440,551,1159,47,0.186214052,0.057388147,0.002317014,0.228252183410635,0.0508301829699351,0.00211502189746553,5.49776672153333
441,606,1058,17,0.17538914,0.048916982,0.000803151,0.27545799572587,0.0480924124551294,0.00118197271562118,4.05065045278333
442,1203,1792,95,0.126419753,0.0438762,0.002325372,0.20022348487737,0.0405109085277112,0.00213563836529521,7.19285451805
443,1339,1763,144,0.135682028,0.040848581,0.003345372,0.160582614638658,0.0380587850242081,0.00292338052488147,8.81762534026667
445,1080,1189,128,0.165603534,0.037370341,0.004010867,0.222533352230988,0.0300847710808923,0.00303239083803874,8.33972310763333
446,988,1148,56,0.162619427,0.035454226,0.001731958,0.223202981021537,0.043479137087471,0.00212462613559015,5.88634967638333
447,1420,1667,99,0.134676124,0.039049416,0.002320325,0.15009846945103,0.0375188821331612,0.00224701924308874,7.45918834306667
448,384,469,23,0.24190428,0.035241325,0.001730743,0.211022445865729,0.0431998089257735,0.00234252723825825,4.63774015556667
449,1469,1310,66,0.143968782,0.028886177,0.001457353,0.166626860225148,0.0359661370913866,0.00170690175576256,6.33725817221667
450,531,905,38,0.196293964,0.045678728,0.00190346,0.226570547073914,0.0486310038082647,0.00221218044325469,5.13785192015
451,783,717,24,0.183738896,0.025768621,0.000869934,0.187461445955905,0.0375062795534563,0.00127367138552575,4.99561401945
453,1007,1351,29,0.168389036,0.042512785,0.000909163,0.202120686248033,0.0442204429479773,0.00108557784835574,4.63013017986667
454,793,1006,28,0.178134278,0.034447116,0.000957686,0.214137197587278,0.0502298064830085,0.00179495763728093,4.45491180765
455,2206,1780,62,0.128698947,0.032309595,0.001117005,0.15102693786378,0.0438058259630995,0.0017594951342842,6.30414858265
457,2087,2312,150,0.1037952,0.039843275,0.002591025,0.15279831222574,0.0355291779493084,0.00230900463695956,9.31770300971667
459,1800,2115,85,0.11105363,0.039490988,0.001579635,0.139995979126333,0.0364695522054374,0.00151443638835649,7.25899445276667
460,1901,1045,55,0.149300644,0.021995316,0.001165578,0.164656976822061,0.0326486828709987,0.00193110581846019,6.05387193055
464,2063,3569,207,0.091951604,0.064911679,0.003757026,0.252423017834911,0.0496611185140383,0.00278733883845969,12.6952453666667
465,782,937,29,0.189314585,0.036643403,0.001113994,0.221403923493948,0.0452013646314595,0.00160398151990241,5.30689734791667
466,5494,5305,133,0.027733794,0.033823661,0.000847385,0.198070693306632,0.0291673716256037,0.000777501753787592,11.60169001875
467,679,987,64,0.217215111,0.043729689,0.002826249,0.23002181497292,0.0460411010930379,0.00253898033259842,6.11743992708333
468,1724,2824,105,0.086552555,0.044862932,0.00167243,0.207901987649985,0.0340454164929043,0.00131370403225354,9.16101798541667
469,343,579,13,0.216140093,0.038918423,0.00085774,0.232205582376257,0.0498980271509256,0.00152945843909914,4.86052364445
470,3643,3031,119,0.071138978,0.032389763,0.001275575,0.13621491574544,0.0342745933200287,0.0013374548646521,8.79359092083333
471,3312,3228,50,0.071228284,0.036691392,0.000570321,0.165724914303275,0.0487878942973544,0.00072759637088392,6.62110366875
472,1413,1884,134,0.128524529,0.041485651,0.002954529,0.174492965569736,0.0413633459145848,0.00276716199402628,9.3991679493
475,798,862,31,0.214746473,0.034195246,0.001222337,0.177434855743283,0.048054662003713,0.00161834759425924,5.10076392638333
476,2710,1207,40,0.106994914,0.016088532,0.000526371,0.135726212226929,0.0241982886337665,0.000901246145549905,6.26718967568333
478,173,324,19,0.265178463,0.048766279,0.002885779,0.211323594957228,0.0431686104539513,0.00188344002685092,4.90088997776667
479,1659,2075,136,0.117242386,0.041464552,0.002720055,0.178991321926768,0.0404296233170298,0.00246883256495963,9.2800925118
480,1101,1832,148,0.154614063,0.054200832,0.004374403,0.232014153561886,0.0461695918932431,0.00310829326006089,9.95488931736667
481,1249,1651,59,0.16546878,0.048315827,0.001711327,0.185244112733447,0.0419189061083391,0.00150471591468726,6.5621626236
483,2579,3097,156,0.071420298,0.037623317,0.001893111,0.184417521530001,0.0308252227369515,0.00154149802125134,10.5741080868
485,3018,3482,110,0.077105396,0.046858544,0.001482589,0.161717187776526,0.0461668264004994,0.00156164990145948,8.66582078541667
490,2015,2029,213,0.118538938,0.037784611,0.003972241,0.191182735724832,0.0325145429181421,0.00315658823155897,11.9053298131833
491,827,941,13,0.204277579,0.035373661,0.000487001,0.193818211505732,0.0500294709100915,0.000975713388259861,4.75656798401667
492,1688,1855,41,0.126571801,0.036626072,0.00080029,0.177791493826344,0.045862478061804,0.00126378238842069,5.86562712708333
494,694,888,52,0.18660152,0.034203709,0.002005484,0.209140893743547,0.0331476824626307,0.00192218560747135,6.20734115903333
495,1399,1746,83,0.15845446,0.04423822,0.002093753,0.217050481074775,0.0483475046926295,0.00232816548673566,7.30872613471667
496,2904,1401,38,0.329705448,0.035581594,0.000804768,0.194905402237951,0.0247623389103713,0.000778740524344749,10.6403647423667
498,1436,1433,79,0.162172604,0.035301649,0.001944076,0.163467735324048,0.0463031184514582,0.00246090985784888,7.21009173611667
499,435,830,24,0.202114177,0.045359681,0.001306641,0.216418490886678,0.0485621556842979,0.00146350410739508,5.25068105625
501,993,401,20,0.200281416018826,0.012922881590313,0.000632798537766864,0.16785374837339,0.0188180450164527,0.00096178556050811,6.77936748403333
502,2324,425,25,0.12857871364635,0.00623235586213368,0.000370186384339962,0.139543514206204,0.0152902696169675,0.000979408845181236,6.60435932778333
504,304,498,27,0.220226885366016,0.0348638968760063,0.00189366210382043,0.239961476410416,0.0281680832487544,0.00124832475522749,6.67294886805
505,766,793,20,0.216336579336946,0.0363472548693955,0.000910282857518663,0.250695783938134,0.0344113847463293,0.000923592758002756,6.68586413611667
510,2434,2730,157,0.0985916552687468,0.044321073493979,0.00253931121065283,0.215890003110538,0.0281011647721712,0.00151384906067555,17.3534907138833
511,2459,3052,33,0.0874493479690562,0.044321073493979,0.000484874658018584,0.165000237721459,0.0349097076832433,0.000518880611031073,10.3700194972167
512,1747,1503,64,0.125831222629558,0.0287789318746657,0.00122609027915639,0.206811537020678,0.0261578240300182,0.00108776101889078,10.0768967666667
514,1483,701,36,0.162318538442257,0.0157928622185447,0.000817687059854912,0.184621723856619,0.0240215025158039,0.00114387140482835,6.86198094098333
515,976,648,39,0.18888849445818,0.0211874497644167,0.00126503016174211,0.141947509499385,0.0246792036171193,0.00129254243721745,7.14004252291667
516,770,642,31,0.171538897579202,0.021484222385188,0.00102434599968597,0.181332490518446,0.0214936438394917,0.00090540333025811,8.41091638818333
517,1072,455,24,0.189137702648894,0.0134371327451892,0.000721734129377516,0.169277870734043,0.0156436672850735,0.000857030547617116,10.20175548265
518,1780,918,44,0.135050637864985,0.0168060754220556,0.000810841931759819,0.152412990313087,0.0233897365014751,0.00110126024973604,9.68605918195
522,420,443,28,0.211283465557944,0.025023197585501,0.00155092902256428,0.239856749067913,0.0228709078715355,0.0011902285568303,9.23761060763333
525,1965,717,39,0.152598703016289,0.0150594872492543,0.00080777057785496,0.16417174716442,0.0190304682370778,0.00104659628814997,9.5283823632
526,1528,1152,87,0.149460560482888,0.0259006923046336,0.00196028257908307,0.181307942659998,0.0244839007811367,0.00151259219695408,12.6247519097333
528,966,514,12,0.179112003387848,0.0151640981975285,0.000367871441431842,0.186187938269431,0.0236538564316823,0.000572231143716088,11.2921911791667
530,2142,939,24,0.114540468064073,0.0143070017123716,0.000372055118413854,0.166777200616596,0.0171977821606875,0.000501935357285657,21.0809221583333
533,2036,1007,19,0.14040702554331,0.0191566655534006,0.000365920005736667,0.215200944702657,0.0303916618519384,0.00080391995004008,6.77131349028333
534,3319,1996,67,0.0805690791096919,0.0213155535280293,0.000719648244281767,0.155192920778701,0.0254972887327042,0.000856152395558365,9.75220757221667
535,1161,284,18,0.202767570407791,0.00859466615915736,0.000552587961152963,0.172366412971916,0.0148004801579537,0.00086827955961791,5.75290952291667
536,1172,592,39,0.164637288143485,0.0165829608967574,0.00109950185167436,0.186470152067788,0.016289093347238,0.00106272620550228,6.94366987221667
537,1069,402,22,0.202869620590527,0.0107383694614963,0.000597928019785969,0.159834038029966,0.0214079973633994,0.00114758971700028,5.840330975
541,1776,1076,51,0.159318789966866,0.0241613144067284,0.00115064708714791,0.185991574245107,0.0262383419996983,0.00126426895862408,19.4789089166667
542,5022,294,17,0.0642103221932083,0.0021576709407752,0.000124104442402799,0.14195784902812,0.00731477337474266,0.000516053714560487,6.93205604375
544,1169,237,13,0.185361883751603,0.00601439688092284,0.000320640787389799,0.167223518193309,0.0113592981144731,0.000775944800429364,5.97372482778333
546,6997,485,24,0.0287781685117643,0.00189310061921803,9.48777737051079e-05,0.104955228037994,0.0118884376972107,0.000662844732074678,6.78135133055
547,610,576,32,0.208284456652944,0.0252244953640944,0.00137850071580582,0.213165789146169,0.0232748967092286,0.00115721451516001,6.6155072375
548,1527,1808,82,0.146089209006198,0.0423750049292902,0.00191689411098679,0.163238993111141,0.0313447734499784,0.0013385229587475,9.34215022846667
549,2245,1902,59,0.101305762509582,0.0293080467402725,0.000903058669971949,0.143562119868377,0.0302914593447342,0.00098550205637892,8.67844872846667
550,2774,1119,64,0.104807853789497,0.0145391382946058,0.000832233141205985,0.141545234886576,0.0201734063468342,0.00114859016870004,8.7658228625
551,2586,1476,36,0.110668291675661,0.021514342867292,0.000519048222201709,0.172183621211837,0.0235318806277683,0.000717919188290444,8.52226146388333
552,2993,2658,137,0.0897510833026169,0.0371373481498214,0.00191571460435841,0.158822461232711,0.026777164148325,0.00136962751045139,13.44582849235
553,730,534,32,0.219294044839752,0.0220317316090433,0.00130636049705094,0.24507319156839,0.0242054348756028,0.00118838683370754,6.69213569375
554,4800,2356,201,0.0551035087569519,0.0179144874752968,0.00153115937523183,0.144202646686848,0.0151456279056211,0.00125617349758615,16.8568404083333
555,2475,737,44,0.119587876219593,0.0107879034114894,0.000643170880238538,0.138657480534589,0.0182293878365247,0.0010284490584196,7.52553148193333
556,1790,1549,48,0.121927959946361,0.0288478163554943,0.000885516306033468,0.163977379005571,0.0242133161516634,0.000746616512063166,8.45649011735
557,789,822,7,0.204098104831332,0.0303951562185538,0.000248931533522586,0.172495320784272,0.0345708527981645,0.000380484084107049,5.77432221806667
559,1146,658,31,0.180382496625852,0.018882144828207,0.000879142987958287,0.212447101832749,0.0246662495231467,0.00122373632729626,7.02733290208333
560,2256,1972,59,0.106227578944402,0.0302438163340086,0.000899525384863719,0.177173549402965,0.0256815598051949,0.000744827833777527,9.41106535068333
561,1410,820,14,0.16063450614024,0.0189954140418305,0.000329290648383252,0.166305438032184,0.0292951931066616,0.000629842461369499,6.26243538888333
562,2254,909,54,0.134180309153195,0.015499761947749,0.000925606673780364,0.17298219302483,0.019220922049318,0.00117298382834651,7.94516828403333
563,1147,837,39,0.202676122828321,0.0250816840026464,0.00115401346578929,0.205722636085707,0.0233939170346684,0.00105473982113736,7.3440457743
565,899,1000,55,0.17131062645885,0.0323845161269465,0.00179505358234797,0.224096400954861,0.0266550809468159,0.00132117830243771,7.96853268193333
566,921,230,10,0.204090308931349,0.00775916451903017,0.000320131757236692,0.184851438703411,0.0217548557668258,0.000841489942473807,5.37587860625
567,608,266,11,0.239362488307603,0.0124233705764831,0.000529784770379685,0.152065123893221,0.0255547453129034,0.00108382474832584,5.17804346458333
568,1673,1102,43,0.13067480833974,0.0224650647616397,0.000878460735889911,0.157655365599542,0.0214493784962394,0.000816044538796033,7.72254412916667
569,1453,943,67,0.131607681752456,0.0189507687534079,0.00134405328991206,0.145491422541943,0.0187340799951121,0.00132102773694085,8.02597956875
571,3636,1057,41,0.0998573455280213,0.0126190487777813,0.000490291645101348,0.146155402836254,0.0181003609260956,0.000749482229639157,8.64563369513333
572,595,521,20,0.220433750941996,0.0234898002186259,0.000893496749439991,0.14794712632399,0.0225857223766134,0.000579307763152174,6.27035342291667
573,1147,142,10,0.19659805437411,0.00432680355249549,0.000290738299154562,0.149571680070631,0.0132925413208314,0.00106370818343435,5.147094825
574,1025,873,49,0.166032011692631,0.0252157658789365,0.00142574536294496,0.184133762325176,0.0244747220537669,0.00125161068474021,7.50059780346667
575,1818,761,51,0.144932097739706,0.0149520788663045,0.00101015823570689,0.141561519365843,0.0196500865448376,0.0012711350740048,7.51283811528333
576,1594,1098,35,0.14915904405639,0.0233514425888825,0.000742544692348332,0.156945521320838,0.0204759706264237,0.000697703991507635,7.43241273263333
577,100,58,4,0.252313744619429,0.0166303728318735,0.00112065584785211,0.178328698237113,0.0187827193650962,0.000888576823071111,4.5509346618
578,1511,539,33,0.307074209568911,0.012118431813628,0.000296642175894671,0.230328647121269,0.0179480553068944,0.00102847914236113,21.45498334305
579,760,214,11,0.220386758213996,0.00803111559859808,0.000425350150042137,0.132167814126471,0.0183635231116455,0.000940253488197868,5.05645661458333
580,345,467,30,0.248275591349633,0.030442651375014,0.00197246945918569,0.199878257320648,0.0274024031539215,0.00121358201935059,6.68763165208333
581,1949,975,39,0.13023706623916,0.0171964618641668,0.000683604788634239,0.158496608998963,0.0226135453696584,0.000865183356122437,7.26089570278333
582,3536,2911,52,0.0703764234984165,0.0310799144601894,0.000556152162980013,0.138137131765603,0.0311956347011731,0.000624874080278685,15.4308830118167
583,1148,298,19,0.172105396351582,0.00768139138763659,0.000499904194585196,0.130982254397545,0.0167812701974845,0.00090891313699822,5.46764533195
584,2293,749,35,0.0902071895257752,0.00887622008340134,0.000410643545015026,0.184231081563388,0.00882513036423234,0.000428550731652515,8.49828925693333
586,574,524,17,0.21921500022304,0.0291956102916762,0.000924441506791575,0.240796192484865,0.0272267330026806,0.000955871715500934,6.12318268195
588,1973,1366,113,0.139915662600583,0.0280389688059555,0.00232047090426096,0.18057402172486,0.0217480122540673,0.00151885350856069,11.0834914763833
590,2634,992,36,0.117552027381461,0.014870018668464,0.000541889276165384,0.142881758440465,0.0214130980424037,0.000744195246921921,7.67205684861667
591,1026,1205,91,0.199142148930679,0.0415212747469379,0.00311606884428744,0.247161624403751,0.0293781282179738,0.00178773701010883,9.63171758056667
595,992,1131,75,0.184739100348574,0.0376467355743376,0.00248485785501112,0.187160144861144,0.0260659588774455,0.00143910823110326,8.4545574111
597,1204,845,63,0.17125624085513,0.0213929813999406,0.00160088807326739,0.178764176015275,0.0173089317730998,0.00126176397965834,8.01460699653333
598,6174,672,16,0.0393458953335172,0.00309213434734514,7.43984182667735e-05,0.119633115979912,0.0215552795281035,0.000647080770918189,6.44766513265
599,4028,2777,178,0.0654181325782892,0.0264886472275131,0.00169410803697539,0.196972825057523,0.0222397180038631,0.00133633645521435,15.7381661083333
600,833,818,41,0.188151155302522,0.0296813134333597,0.00147481253094376,0.233355729785673,0.0251229128958541,0.00106661834467786,7.2160397132
603,1838,588,21,0.147668463805578,0.0123999854835254,0.000452531620831939,0.149382477202324,0.017664684402519,0.000708592146139042,6.8761483882
605,273,247,7,0.277023821225378,0.0246217870857433,0.000674771799259889,0.194406122870326,0.0258403929338977,0.000875675905210274,5.03729648403333
606,564,555,57,0.22233433894677,0.0278911734289887,0.00285373887255953,0.22605649607933,0.0198794060057254,0.0015129341206203,7.47540723541667
607,508,231,5,0.221209632058064,0.00977681262862813,0.000217394569737609,0.169162293974297,0.0258473867519178,0.000867514545181509,4.96558060348333
608,1155,555,42,0.197692854018905,0.0175025325942352,0.00133562200646826,0.18356106031161,0.020203078072492,0.00121810111555073,7.11447111318333
610,1263,924,53,0.190697348889619,0.0274757541772991,0.00157736478967791,0.181100979223008,0.0230279667651983,0.00113712459087256,7.77157389166667
613,1907,904,54,0.134016001236514,0.0169801305048063,0.00101701123814432,0.13486701666771,0.01953791639766,0.00113520255934456,7.333250325
614,1377,780,11,0.162724193469663,0.0178846868916149,0.000243552183050201,0.147296075922792,0.0174592744017336,0.000294800594192252,6.46424191805
615,93,158,8,0.275845528778302,0.02773220020079,0.0013440113319768,0.20926122078623,0.0239341361935943,0.000995381105322456,5.11477547846667
617,2236,995,96,0.132322463045545,0.0172559842693313,0.001670122868017,0.142105056445618,0.0140564054981614,0.00125639727963984,9.70267672776667
618,1606,973,50,0.16575491775153,0.0221067132766749,0.00113426002972012,0.192688094282825,0.0269862374327027,0.00126875607603408,7.38257631945
619,1843,1070,33,0.149944521740311,0.0220469039359847,0.000676618187674261,0.148760937980422,0.0249813555620334,0.000853530052064537,7.12575572013333
620,4223,972,66,0.0821656163237516,0.00983540879082342,0.000670928125029972,0.139870256383719,0.0151930745424045,0.00100093056315958,9.01210870346667
622,4929,1988,67,0.0531668353633416,0.0130978221035243,0.000444365202123257,0.159119585543183,0.0200410404550929,0.000737771195226756,10.4879570298667
623,4686,3079,272,0.0498133636191669,0.0232625990374788,0.00205772827367732,0.173861860680293,0.0170482206293107,0.00144006560265322,22.7354704270833
624,575,773,29,0.194862387677726,0.0328019832522708,0.00123202403087269,0.163714725206513,0.0333205596950788,0.00124545453601274,6.24816946526667
625,964,490,9,0.180382496625852,0.0145391382946058,0.000274530114956077,0.19201580802674,0.0237429106120691,0.000529024079069432,5.4459207007
626,2210,1475,67,0.133617460432179,0.0265382648688612,0.00120803206882357,0.168019221782193,0.0234865322218842,0.000979427126114497,9.29523754651667
627,566,595,61,0.203012849193954,0.0300464272474192,0.00307973147170898,0.253415977399082,0.020903461962165,0.00159443664553884,7.92374392985
629,401,199,16,0.219271758496176,0.0149447042869689,0.00122163988443812,0.204522698721145,0.0183497841477255,0.001012232325897,5.51831081945
630,3363,1535,132,0.095639918418271,0.0176975873398381,0.001518760541333,0.159695620293909,0.0178771672225081,0.00136837864297812,13.51860760625
631,1263,684,13,0.180382496625852,0.0179144874752968,0.000338263947031655,0.153129521936003,0.0233809761110816,0.000669251090428284,6.70885981458333
632,3687,1510,65,0.0900090776553079,0.0171013004271689,0.000732602051002348,0.178070673664366,0.0186793479717721,0.000795551697567767,25.5900974527833
633,1219,700,18,0.156138649555252,0.0171844470815489,0.000452596908922447,0.170908350072849,0.0173238927403917,0.000462434434867144,22.5621715264
634,3981,2044,106,0.0726648675552892,0.0196035842591329,0.00101665388634627,0.12933152924859,0.0220307368786643,0.0011292125734895,40.5514531125
635,1704,1212,73,0.159575471757105,0.0267827239021971,0.00161172081512617,0.217655140936503,0.0254832435598126,0.001274706444996,32.1042232979167
636,1511,539,33,0.152985928349167,0.0125274633814829,0.00076272809242697,0.230328647121269,0.0179480553068944,0.00102847914236113,21.45498334305
637,1741,767,42,0.160905863428929,0.0163778537894719,0.000897796357630926,0.17882147612264,0.0157450839062993,0.000792392762788764,28.7192190784667
639,5482,3078,123,0.0425926199701351,0.0185977839912162,0.00074426950687422,0.144921631621649,0.0182929650050161,0.00074534586809429,18.1933077381833
640,952,230,10,0.192488343361034,0.00675564663263721,0.000296593629818949,0.16320965751195,0.00934094504664718,0.000448097533710964,5.7331716236
642,3396,4272,134,0.0500115151873246,0.0426070353431519,0.0013313579843928,0.204261255505842,0.0262493534987451,0.000836033901741423,16.1805316722167
643,3787,1986,104,0.0805772009800281,0.0196275533808656,0.00102961281935506,0.15875375435106,0.0165566661475991,0.000847237877561826,13.9422329215333
644,669,669,18,0.171044246585048,0.0253176574043198,0.000672211256290887,0.24252329377158,0.0207719812734756,0.000673666885986617,6.63721383403333
645,2484,2125,130,0.100997268443296,0.0311894150092643,0.00190660569352637,0.160715083061687,0.0218802845931781,0.00120298503108514,12.4585139180667
646,2433,1429,47,0.131003096507092,0.0253743121334205,0.000835469739562303,0.162435579137989,0.0199598580191408,0.00068397033516819,9.2858391375
647,3444,272,9,0.1117813213869,0.0031764811034343,9.96777676712891e-05,0.188241442714851,0.0254897567850462,0.000917590109576187,4.9652157889
648,2652,1918,99,0.10704864341617,0.029663232542427,0.00153777905320305,0.197608855925295,0.0219923260540405,0.00111779800971376,12.2983297680667
649,2326,813,46,0.118852955891137,0.0133566337511965,0.000760428315292116,0.138961479585096,0.0197655278547104,0.00115513657642761,7.33506987153333
650,1072,910,97,0.167585675137519,0.0253445121543199,0.00270044120846678,0.212759888397941,0.0242828431269488,0.00196818889668913,9.59375991458333
651,3033,1249,103,0.0979515296970615,0.0148484410724176,0.0012256108109888,0.170619316881541,0.0161310757960632,0.00122843505806505,15.0445442715333
652,1630,1159,68,0.185861366893689,0.0309726708285404,0.00181480736612777,0.206476186838403,0.0190588875364022,0.00090399353352833,10.39813450555
654,777,576,23,0.183064843753355,0.0198590640287136,0.000799786702256607,0.183705124042703,0.0195117357395892,0.000692734285606327,6.2568713493
655,1348,781,46,0.176698154134814,0.0192234302945189,0.00111986673365541,0.16405355638252,0.021004889109841,0.00114486610513872,7.272275775
657,1113,496,26,0.184891010635687,0.0125569639430318,0.000649214662803997,0.141720706017709,0.0169206490040557,0.000863330284248897,5.93389034721667
658,1840,632,19,0.159491238911339,0.0125415831015359,0.000383730994208991,0.173341948353147,0.0189196060532666,0.000788660344279976,6.21767513681667
659,4621,2174,152,0.0556092188407794,0.0158709966515041,0.00110857241373071,0.141883300915458,0.0166946199785414,0.001158140976729,13.4652178361167
661,2885,1150,26,0.109382721563353,0.0158744987271357,0.000358378421094428,0.129719355632,0.0223775822801743,0.000673704009153375,7.35604286943333
662,4294,1410,75,0.0722026479821053,0.0122776019920194,0.000653140837635773,0.121530770233701,0.0177829691145894,0.0010380230065645,9.8675838118
663,5430,853,46,0.0577145620989841,0.00561446389848858,0.000304555520942347,0.130239765105047,0.00923265414005609,0.000572463936774981,9.91566070555
664,1609,837,40,0.128832464101452,0.0145973170042878,0.000692851495784455,0.157240779833663,0.0170332011169834,0.000828800570349558,7.37851307013333
665,123,184,2,0.266540540753729,0.0294067034373582,0.000384654329568994,0.203765386179664,0.02631121291796,0.000796267422736473,4.94386942013333
667,1228,1124,67,0.148893463479064,0.0279430864812201,0.00165597549968357,0.209418896131141,0.0273543713056761,0.00143872896370225,8.11857064791667
668,1754,1089,39,0.189405636479689,0.0301596353026031,0.00107213753639721,0.196667642729136,0.0276043763315125,0.00101137702339561,7.79542267638333
669,2889,1139,22,0.131607681752456,0.0179144874752968,0.000338263947031655,0.188591959199287,0.0202959252064843,0.000463440522919446,8.42297508195
670,1218,711,6,0.178142802940914,0.0215160626692402,0.000191867007902615,0.142792365797059,0.0261571168776228,0.000341851930969596,5.82659514721667
671,2535,1009,59,0.118223456052382,0.0156726632538281,0.000911187425140721,0.184998912519481,0.0131922532648896,0.000751520340485,9.14054475346667
673,4783,2598,181,0.0507666481362436,0.0182862017503069,0.00127639121837113,0.140729241212288,0.016177580159562,0.00111239996578673,17.3457785729167
675,1254,855,60,0.154710955093433,0.020976583956647,0.00147218014055943,0.177256084561792,0.0180055904869583,0.00114907863096103,7.88900410208333
676,5021,2647,120,0.0483788931616231,0.0178702514113263,0.000809188939875818,0.189855250755065,0.0150160350636357,0.000709725765410817,15.6844555638833
677,1142,637,29,0.181065905773266,0.0178611807588499,0.000825194487479364,0.155775709051184,0.0221559091062275,0.000956652677988275,6.79458689306667
678,4103,2419,30,0.0678090312612097,0.0225026762858305,0.000277470152884083,0.149279922211723,0.0211941099741136,0.000252613764535112,10.2768971701333
679,2177,1629,118,0.100447203540789,0.0235032318169481,0.00169652053950027,0.196618950517222,0.0193011733785113,0.00129003144793504,11.5026158770833
680,5364,4126,157,0.0301607011132475,0.0236557382898215,0.000898880366893534,0.240193421901075,0.0157782008694942,0.000610190378473496,21.9632489777667
681,1048,658,37,0.1929096778498,0.0190270983876942,0.00107978210779353,0.175856790954508,0.0268396294731663,0.00135351079596842,6.85565871665
683,2014,805,57,0.153119254566237,0.0160055939416629,0.00112384071908914,0.160218483696332,0.0128400800221754,0.00102053653028857,20.9897558166667
684,943,66,2,0.262638145907493,0.00317019640559739,9.15319607252544e-05,0.198044073594109,0.0212946908873301,0.000857899073861397,11.6224382416667
686,903,882,41,0.187643764193363,0.0293785713411518,0.00137136718604453,0.210862577443342,0.0327102705293251,0.00138394468681523,7.10167383681667
688,3101,250,19,0.116538580020032,0.00320610676894155,0.000242986539995605,0.179138444874006,0.0113220817378543,0.000940122624635125,5.50434157431667
689,1181,521,22,0.18115694084228,0.0140474252063513,0.000582670443706047,0.129369206350937,0.0217442889243736,0.00103492980930025,6.12667304931667
690,2794,1629,19,0.113557819931822,0.0244863139528407,0.000289173834152671,0.166429182771716,0.0242751297956851,0.000315969630153131,7.99811954098333
691,1703,1051,65,0.161466756210054,0.0235895935012625,0.00146858377838363,0.217816294403811,0.0222444456855739,0.00123987123663821,8.78454395208333
693,2394,1382,62,0.118641648189439,0.0208504846089203,0.00094145960803773,0.143948071072104,0.0226303431242072,0.000963618823421613,8.81802979166667
695,133,214,10,0.233678498842997,0.039991578980853,0.00188709119140447,0.212000087330784,0.0269303278909051,0.00113241461989588,5.09697291806667
696,1410,998,60,0.1605255610047,0.0236906133332726,0.00143094213415297,0.171061873844274,0.0248844167514479,0.00132487212071668,7.89639127361667
697,1798,1229,71,0.131127895261168,0.0228727210418398,0.00131662253913338,0.188278322192914,0.01967356443244,0.00108677006719825,8.98982588125
699,804,1018,60,0.14726923392517,0.0311124787956683,0.00182929547841067,0.230224604163741,0.0271423399397973,0.00138374241747385,8.10941644166667
700,882,1029,42,0.196821532668466,0.0360533386233348,0.00148311591744674,0.238602966706835,0.0312490159106944,0.00107095169553048,7.4834799625
