"day","Date","Day","BirthEvents","Samplings","Cases","SuspectedCases","Lineages","TotalCases","PropSequencedTotal"
1,2014-03-22,1,0,0,0,0,NA,0,NA
2,2014-03-23,2,0,0,0,0,NA,0,NA
3,2014-03-24,3,0,0,0,0,NA,0,NA
4,2014-03-25,4,0,0,0,0,NA,0,NA
5,2014-03-26,5,0,0,0,0,NA,0,NA
6,2014-03-27,6,0,0,0,0,1,0,NA
7,2014-03-28,7,7,0,0,0,8,0,NA
8,2014-03-29,8,2,0,0,0,10,0,NA
9,2014-03-30,9,0,0,0,0,10,0,NA
10,2014-03-31,10,4,0,0,0,15,0,NA
11,2014-04-01,11,2,0,0,0,16,0,NA
12,2014-04-02,12,0,0,0,0,17,0,NA
13,2014-04-03,13,2,0,0,0,18,0,NA
14,2014-04-04,14,0,0,0,0,18,0,NA
15,2014-04-05,15,1,0,0,0,20,0,NA
16,2014-04-06,16,2,0,0,0,21,0,NA
17,2014-04-07,17,1,0,0,0,22,0,NA
18,2014-04-08,18,0,0,0,0,22,0,NA
19,2014-04-09,19,0,0,0,0,22,0,NA
20,2014-04-10,20,0,0,0,0,22,0,NA
21,2014-04-11,21,0,0,0,0,22,0,NA
22,2014-04-12,22,0,0,0,0,22,0,NA
23,2014-04-13,23,0,0,0,0,22,0,NA
24,2014-04-14,24,0,0,0,0,22,0,NA
25,2014-04-15,25,0,0,0,0,22,0,NA
26,2014-04-16,26,0,0,0,0,22,0,NA
27,2014-04-17,27,0,0,0,0,22,0,NA
28,2014-04-18,28,0,0,0,0,22,0,NA
29,2014-04-19,29,0,0,0,0,22,0,NA
30,2014-04-20,30,0,0,0,0,22,0,NA
31,2014-04-21,31,0,0,0,0,22,0,NA
32,2014-04-22,32,0,0,0,0,22,0,NA
33,2014-04-23,33,0,0,0,0,22,0,NA
34,2014-04-24,34,0,0,0,0,22,0,NA
35,2014-04-25,35,0,0,0,0,22,0,NA
36,2014-04-26,36,0,0,0,0,22,0,NA
37,2014-04-27,37,0,0,0,0,22,0,NA
38,2014-04-28,38,0,0,0,0,22,0,NA
39,2014-04-29,39,0,0,0,0,22,0,NA
40,2014-04-30,40,0,0,0,0,22,0,NA
41,2014-05-01,41,0,0,0,0,22,0,NA
42,2014-05-02,42,0,0,0,0,22,0,NA
43,2014-05-03,43,0,0,0,0,22,0,NA
44,2014-05-04,44,0,0,0,0,22,0,NA
45,2014-05-05,45,0,0,0,0,22,0,NA
46,2014-05-06,46,0,0,0,0,22,0,NA
47,2014-05-07,47,0,0,0,0,22,0,NA
48,2014-05-08,48,0,0,0,0,22,0,NA
49,2014-05-09,49,0,0,0,0,22,0,NA
50,2014-05-10,50,0,0,0,0,22,0,NA
51,2014-05-11,51,0,0,0,0,22,0,NA
52,2014-05-12,52,0,0,0,0,22,0,NA
53,2014-05-13,53,0,0,0,0,22,0,NA
54,2014-05-14,54,0,0,0,0,22,0,NA
55,2014-05-15,55,0,0,0,0,22,0,NA
56,2014-05-16,56,0,0,0,0,22,0,NA
57,2014-05-17,57,5,0,0,0,28,0,NA
58,2014-05-18,58,8,0,1,0,35,1,0
59,2014-05-19,59,7,0,0,0,42,0,NA
60,2014-05-20,60,2,0,2,0,44,2,0
61,2014-05-21,61,6,0,4,0,51,4,0
62,2014-05-22,62,4,0,6,0,55,6,0
63,2014-05-23,63,3,0,0,1,57,1,0
64,2014-05-24,64,2,0,0,2,60,2,0
65,2014-05-25,65,2,0,0,0,61,0,NA
66,2014-05-26,66,2,0,1,9,63,10,0
67,2014-05-27,67,3,0,3,5,66,8,0
68,2014-05-28,68,0,0,0,2,66,2,0
69,2014-05-29,69,0,0,7,5,66,12,0
70,2014-05-30,70,1,0,7,0,67,7,0
71,2014-05-31,71,2,0,2,0,68,2,0
72,2014-06-01,72,0,1,5,0,69,5,0.2
73,2014-06-02,73,1,1,2,0,67,2,0.5
74,2014-06-03,74,0,4,1,0,62,1,4
75,2014-06-04,75,3,3,0,0,62,0,Inf
76,2014-06-05,76,0,3,3,0,61,3,1
77,2014-06-06,77,1,0,7,0,63,7,0
78,2014-06-07,78,2,0,4,0,65,4,0
79,2014-06-08,79,4,1,6,0,67,6,0.166666666666667
80,2014-06-09,80,2,0,1,0,68,1,0
81,2014-06-10,81,1,3,29,0,67,29,0.103448275862069
82,2014-06-11,82,3,0,1,0,70,1,0
83,2014-06-12,83,3,1,10,0,70,10,0.1
84,2014-06-13,84,0,2,20,0,71,20,0.1
85,2014-06-14,85,2,0,17,0,71,17,0
86,2014-06-15,86,3,4,4,0,63,4,1
87,2014-06-16,87,2,9,1,0,61,1,9
88,2014-06-17,88,2,3,4,0,60,4,0.75
89,2014-06-18,89,1,5,8,0,53,8,0.625
90,2014-06-19,90,2,7,11,0,52,11,0.636363636363636
91,2014-06-20,91,2,2,9,0,54,9,0.222222222222222
92,2014-06-21,92,2,0,3,0,54,3,0
93,2014-06-22,93,2,2,3,0,55,3,0.666666666666667
94,2014-06-23,94,1,1,2,0,56,2,0.5
95,2014-06-24,95,0,0,9,0,54,9,0
96,2014-06-25,96,0,2,9,0,53,9,0.222222222222222
97,2014-06-26,97,1,1,14,0,54,14,0.0714285714285714
98,2014-06-27,98,1,0,15,0,56,15,0
99,2014-06-28,99,1,0,21,0,57,21,0
100,2014-06-29,100,1,0,9,0,57,9,0
101,2014-06-30,101,1,0,15,0,59,15,0
102,2014-07-01,102,3,0,12,0,61,12,0
103,2014-07-02,103,2,0,11,0,63,11,0
104,2014-07-03,104,3,0,4,0,67,4,0
105,2014-07-04,105,2,0,11,0,67,11,0
106,2014-07-05,106,1,1,17,0,67,17,0.0588235294117647
107,2014-07-06,107,2,1,9,0,68,9,0.111111111111111
108,2014-07-07,108,2,1,18,0,69,18,0.0555555555555556
109,2014-07-08,109,2,1,11,0,69,11,0.0909090909090909
110,2014-07-09,110,5,3,8,0,75,8,0.375
111,2014-07-10,111,4,0,14,0,76,14,0
112,2014-07-11,112,3,5,8,0,71,8,0.625
113,2014-07-12,113,3,5,6,1,71,7,0.714285714285714
114,2014-07-13,114,2,1,4,0,71,4,0.25
115,2014-07-14,115,3,5,7,0,68,7,0.714285714285714
116,2014-07-15,116,3,5,5,0,68,5,1
117,2014-07-16,117,1,4,7,0,68,7,0.571428571428571
118,2014-07-17,118,4,0,8,0,71,8,0
119,2014-07-18,119,0,0,9,1,67,10,0
120,2014-07-19,120,4,5,13,0,67,13,0.384615384615385
121,2014-07-20,121,4,4,12,1,70,13,0.307692307692308
122,2014-07-21,122,3,2,18,0,71,18,0.111111111111111
123,2014-07-22,123,1,2,9,0,70,9,0.222222222222222
124,2014-07-23,124,3,0,12,1,74,13,0
125,2014-07-24,125,3,0,10,0,76,10,0
126,2014-07-25,126,0,0,7,33,76,40,0
127,2014-07-26,127,5,0,8,0,80,8,0
128,2014-07-27,128,0,1,7,0,80,7,0.142857142857143
129,2014-07-28,129,1,0,14,0,81,14,0
130,2014-07-29,130,3,0,9,0,84,9,0
131,2014-07-30,131,3,0,14,0,87,14,0
132,2014-07-31,132,4,0,12,0,91,12,0
133,2014-08-01,133,3,1,12,0,93,12,0.0833333333333333
134,2014-08-02,134,3,0,15,0,96,15,0
135,2014-08-03,135,1,1,14,0,94,14,0.0714285714285714
136,2014-08-04,136,5,3,5,0,98,5,0.6
137,2014-08-05,137,9,2,12,1,101,13,0.153846153846154
138,2014-08-06,138,3,4,8,0,104,8,0.5
139,2014-08-07,139,6,0,8,0,111,8,0
140,2014-08-08,140,7,0,13,0,118,13,0
141,2014-08-09,141,5,0,6,2,121,8,0
142,2014-08-10,142,3,1,6,7,122,13,0.0769230769230769
143,2014-08-11,143,6,3,1,3,126,4,0.75
144,2014-08-12,144,5,2,5,4,129,9,0.222222222222222
145,2014-08-13,145,4,3,4,2,129,6,0.5
146,2014-08-14,146,5,3,6,2,130,8,0.375
147,2014-08-15,147,3,4,4,1,128,5,0.8
148,2014-08-16,148,5,3,1,0,131,1,3
149,2014-08-17,149,7,5,5,0,138,5,1
150,2014-08-18,150,7,1,15,2,141,17,0.0588235294117647
151,2014-08-19,151,7,1,16,2,147,18,0.0555555555555556
152,2014-08-20,152,1,2,26,9,147,35,0.0571428571428571
153,2014-08-21,153,4,0,15,3,151,18,0
154,2014-08-22,154,2,1,12,4,150,16,0.0625
155,2014-08-23,155,7,2,16,2,156,18,0.111111111111111
156,2014-08-24,156,3,2,35,3,157,38,0.0526315789473684
157,2014-08-25,157,2,1,24,1,156,25,0.04
158,2014-08-26,158,0,3,41,1,155,42,0.0714285714285714
159,2014-08-27,159,5,1,14,2,158,16,0.0625
160,2014-08-28,160,4,2,23,3,159,26,0.0769230769230769
161,2014-08-29,161,1,3,28,2,159,30,0.1
162,2014-08-30,162,3,1,19,4,162,23,0.0434782608695652
163,2014-08-31,163,3,0,22,2,165,24,0
164,2014-09-01,164,0,0,26,3,165,29,0
165,2014-09-02,165,3,0,26,3,168,29,0
166,2014-09-03,166,3,2,41,2,169,43,0.0465116279069767
167,2014-09-04,167,1,2,37,4,167,41,0.048780487804878
168,2014-09-05,168,2,2,14,1,167,15,0.133333333333333
169,2014-09-06,169,4,1,37,7,171,44,0.0227272727272727
170,2014-09-07,170,6,1,27,3,176,30,0.0333333333333333
171,2014-09-08,171,3,2,32,10,177,42,0.0476190476190476
172,2014-09-09,172,1,0,33,5,178,38,0
173,2014-09-10,173,4,2,16,5,181,21,0.0952380952380952
174,2014-09-11,174,5,1,36,3,182,39,0.0256410256410256
175,2014-09-12,175,4,2,33,4,187,37,0.0540540540540541
176,2014-09-13,176,8,2,36,2,191,38,0.0526315789473684
177,2014-09-14,177,3,1,45,4,193,49,0.0204081632653061
178,2014-09-15,178,3,2,60,8,193,68,0.0294117647058824
179,2014-09-16,179,5,2,74,10,194,84,0.0238095238095238
180,2014-09-17,180,7,6,48,8,199,56,0.107142857142857
181,2014-09-18,181,6,1,63,5,203,68,0.0147058823529412
182,2014-09-19,182,6,2,57,9,208,66,0.0303030303030303
183,2014-09-20,183,5,0,63,13,213,76,0
184,2014-09-21,184,6,2,42,4,214,46,0.0434782608695652
185,2014-09-22,185,5,3,52,6,216,58,0.0517241379310345
186,2014-09-23,186,2,4,47,7,216,54,0.0740740740740741
187,2014-09-24,187,3,2,42,13,218,55,0.0363636363636364
188,2014-09-25,188,6,5,66,8,206,74,0.0675675675675676
189,2014-09-26,189,5,14,53,15,206,68,0.205882352941176
190,2014-09-27,190,4,7,52,10,207,62,0.112903225806452
191,2014-09-28,191,6,5,57,4,200,61,0.0819672131147541
192,2014-09-29,192,4,9,34,13,197,47,0.191489361702128
193,2014-09-30,193,1,6,60,6,193,66,0.0909090909090909
194,2014-10-01,194,2,6,52,4,192,56,0.107142857142857
195,2014-10-02,195,2,3,56,8,191,64,0.046875
196,2014-10-03,196,3,5,58,2,186,60,0.0833333333333333
197,2014-10-04,197,4,7,73,6,186,79,0.0886075949367089
198,2014-10-05,198,4,5,58,22,181,80,0.0625
199,2014-10-06,199,2,7,63,13,180,76,0.0921052631578947
200,2014-10-07,200,6,3,67,13,183,80,0.0375
201,2014-10-08,201,3,3,59,4,181,63,0.0476190476190476
202,2014-10-09,202,3,9,55,3,175,58,0.155172413793103
203,2014-10-10,203,1,7,76,10,171,86,0.0813953488372093
204,2014-10-11,204,2,2,49,7,172,56,0.0357142857142857
205,2014-10-12,205,2,1,70,8,172,78,0.0128205128205128
206,2014-10-13,206,2,3,42,5,174,47,0.0638297872340425
207,2014-10-14,207,4,0,53,5,177,58,0
208,2014-10-15,208,2,1,55,2,178,57,0.0175438596491228
209,2014-10-16,209,0,1,46,5,173,51,0.0196078431372549
210,2014-10-17,210,1,4,54,5,170,59,0.0677966101694915
211,2014-10-18,211,4,4,43,6,171,49,0.0816326530612245
212,2014-10-19,212,2,3,61,11,171,72,0.0416666666666667
213,2014-10-20,213,1,2,105,12,171,117,0.0170940170940171
214,2014-10-21,214,1,1,43,3,172,46,0.0217391304347826
215,2014-10-22,215,4,0,65,5,176,70,0
216,2014-10-23,216,3,2,56,7,173,63,0.0317460317460317
217,2014-10-24,217,2,4,60,13,171,73,0.0547945205479452
218,2014-10-25,218,2,5,70,6,169,76,0.0657894736842105
219,2014-10-26,219,1,3,69,12,169,81,0.037037037037037
220,2014-10-27,220,4,5,62,9,167,71,0.0704225352112676
221,2014-10-28,221,5,6,42,6,166,48,0.125
222,2014-10-29,222,1,4,36,8,157,44,0.0909090909090909
223,2014-10-30,223,0,11,48,6,148,54,0.203703703703704
224,2014-10-31,224,4,11,42,5,140,47,0.234042553191489
225,2014-11-01,225,0,10,68,2,134,70,0.142857142857143
226,2014-11-02,226,2,6,78,5,131,83,0.072289156626506
227,2014-11-03,227,1,3,47,4,129,51,0.0588235294117647
228,2014-11-04,228,3,3,63,7,127,70,0.0428571428571429
229,2014-11-05,229,2,4,71,4,126,75,0.0533333333333333
230,2014-11-06,230,1,3,96,12,122,108,0.0277777777777778
231,2014-11-07,231,2,10,62,9,112,71,0.140845070422535
232,2014-11-08,232,2,11,78,3,107,81,0.135802469135802
233,2014-11-09,233,2,4,66,7,106,73,0.0547945205479452
234,2014-11-10,234,0,3,89,15,104,104,0.0288461538461538
235,2014-11-11,235,2,4,70,11,102,81,0.0493827160493827
236,2014-11-12,236,1,2,43,2,100,45,0.0444444444444444
237,2014-11-13,237,0,2,43,14,99,57,0.0350877192982456
238,2014-11-14,238,1,1,59,7,99,66,0.0151515151515152
239,2014-11-15,239,1,3,75,7,98,82,0.0365853658536585
240,2014-11-16,240,2,0,63,7,101,70,0
241,2014-11-17,241,4,0,70,7,104,77,0
242,2014-11-18,242,2,0,71,27,106,98,0
243,2014-11-19,243,1,0,59,18,107,77,0
244,2014-11-20,244,2,0,74,25,109,99,0
245,2014-11-21,245,0,0,56,14,108,70,0
246,2014-11-22,246,0,1,46,17,108,63,0.0158730158730159
247,2014-11-23,247,3,0,66,22,111,88,0
248,2014-11-24,248,1,1,56,23,112,79,0.0126582278481013
249,2014-11-25,249,2,1,46,17,111,63,0.0158730158730159
250,2014-11-26,250,0,1,62,6,110,68,0.0147058823529412
251,2014-11-27,251,0,1,52,13,110,65,0.0153846153846154
252,2014-11-28,252,0,0,31,8,110,39,0
253,2014-11-29,253,0,0,30,7,110,37,0
254,2014-11-30,254,1,0,39,8,111,47,0
255,2014-12-01,255,2,0,37,18,113,55,0
256,2014-12-02,256,2,3,37,14,111,51,0.0588235294117647
257,2014-12-03,257,0,0,30,9,111,39,0
258,2014-12-04,258,2,1,45,14,113,59,0.0169491525423729
259,2014-12-05,259,2,1,36,16,114,52,0.0192307692307692
260,2014-12-06,260,4,0,40,15,118,55,0
261,2014-12-07,261,3,0,30,10,121,40,0
262,2014-12-08,262,1,2,37,9,120,46,0.0434782608695652
263,2014-12-09,263,1,0,57,14,120,71,0
264,2014-12-10,264,3,1,61,8,122,69,0.0144927536231884
265,2014-12-11,265,2,1,34,7,124,41,0.024390243902439
266,2014-12-12,266,0,1,45,12,123,57,0.0175438596491228
267,2014-12-13,267,3,0,29,10,126,39,0
268,2014-12-14,268,4,1,42,10,129,52,0.0192307692307692
269,2014-12-15,269,1,0,38,17,130,55,0
270,2014-12-16,270,0,1,36,20,129,56,0.0178571428571429
271,2014-12-17,271,2,0,39,10,131,49,0
272,2014-12-18,272,2,0,39,14,133,53,0
273,2014-12-19,273,3,0,45,15,136,60,0
274,2014-12-20,274,2,0,55,9,140,64,0
275,2014-12-21,275,3,1,43,7,134,50,0.02
276,2014-12-22,276,4,7,48,12,130,60,0.116666666666667
277,2014-12-23,277,2,11,32,9,128,41,0.268292682926829
278,2014-12-24,278,5,1,50,12,131,62,0.0161290322580645
279,2014-12-25,279,4,1,36,17,136,53,0.0188679245283019
280,2014-12-26,280,7,0,41,16,139,57,0
281,2014-12-27,281,2,4,34,22,139,56,0.0714285714285714
282,2014-12-28,282,1,3,30,12,136,42,0.0714285714285714
283,2014-12-29,283,4,3,42,20,138,62,0.0483870967741935
284,2014-12-30,284,3,3,27,18,136,45,0.0666666666666667
285,2014-12-31,285,2,3,25,19,137,44,0.0681818181818182
286,2015-01-01,286,3,3,33,19,136,52,0.0576923076923077
287,2015-01-02,287,4,2,28,22,136,50,0.04
288,2015-01-03,288,2,6,30,7,130,37,0.162162162162162
289,2015-01-04,289,3,6,25,25,127,50,0.12
290,2015-01-05,290,1,6,42,12,116,54,0.111111111111111
291,2015-01-06,291,5,14,32,18,114,50,0.28
292,2015-01-07,292,3,6,28,15,114,43,0.13953488372093
293,2015-01-08,293,3,5,16,20,106,36,0.138888888888889
294,2015-01-09,294,2,8,17,7,108,24,0.333333333333333
295,2015-01-10,295,4,3,23,14,104,37,0.0810810810810811
296,2015-01-11,296,0,6,14,21,102,35,0.171428571428571
297,2015-01-12,297,7,2,20,29,108,49,0.0408163265306122
298,2015-01-13,298,3,1,12,26,107,38,0.0263157894736842
299,2015-01-14,299,3,5,11,19,107,30,0.166666666666667
300,2015-01-15,300,3,6,16,33,105,49,0.122448979591837
301,2015-01-16,301,3,0,12,16,107,28,0
302,2015-01-17,302,3,1,10,19,105,29,0.0344827586206897
303,2015-01-18,303,2,6,14,22,106,36,0.166666666666667
304,2015-01-19,304,6,2,16,16,109,32,0.0625
305,2015-01-20,305,5,4,13,14,107,27,0.148148148148148
306,2015-01-21,306,5,5,13,14,106,27,0.185185185185185
307,2015-01-22,307,1,6,14,9,107,23,0.260869565217391
308,2015-01-23,308,4,1,11,12,108,23,0.0434782608695652
309,2015-01-24,309,2,2,8,15,108,23,0.0869565217391304
310,2015-01-25,310,9,2,14,11,115,25,0.08
311,2015-01-26,311,8,2,16,14,121,30,0.0666666666666667
312,2015-01-27,312,7,3,12,14,126,26,0.115384615384615
313,2015-01-28,313,4,1,14,6,129,20,0.05
314,2015-01-29,314,7,5,11,18,125,29,0.172413793103448
315,2015-01-30,315,7,6,15,18,129,33,0.181818181818182
316,2015-01-31,316,12,5,7,7,139,14,0.357142857142857
317,2015-02-01,317,6,2,11,6,143,17,0.117647058823529
318,2015-02-02,318,8,1,11,12,149,23,0.0434782608695652
319,2015-02-03,319,5,4,6,11,148,17,0.235294117647059
320,2015-02-04,320,9,5,12,13,154,25,0.2
321,2015-02-05,321,8,3,11,8,158,19,0.157894736842105
322,2015-02-06,322,2,4,13,10,154,23,0.173913043478261
323,2015-02-07,323,2,5,15,6,154,21,0.238095238095238
324,2015-02-08,324,3,1,20,19,157,39,0.0256410256410256
325,2015-02-09,325,3,0,18,9,157,27,0
326,2015-02-10,326,6,4,11,9,159,20,0.2
327,2015-02-11,327,4,4,9,6,160,15,0.266666666666667
328,2015-02-12,328,8,4,6,6,163,12,0.333333333333333
329,2015-02-13,329,2,3,8,8,162,16,0.1875
330,2015-02-14,330,3,4,9,8,163,17,0.235294117647059
331,2015-02-15,331,5,1,13,14,168,27,0.037037037037037
332,2015-02-16,332,3,1,2,9,171,11,0.0909090909090909
333,2015-02-17,333,2,0,7,7,172,14,0
334,2015-02-18,334,5,0,8,8,175,16,0
335,2015-02-19,335,3,3,12,9,175,21,0.142857142857143
336,2015-02-20,336,3,2,13,17,176,30,0.0666666666666667
337,2015-02-21,337,2,4,7,7,170,14,0.285714285714286
338,2015-02-22,338,3,7,13,8,165,21,0.333333333333333
339,2015-02-23,339,0,9,11,7,159,18,0.5
340,2015-02-24,340,2,7,6,7,153,13,0.538461538461538
341,2015-02-25,341,2,6,13,11,138,24,0.25
342,2015-02-26,342,1,18,6,8,130,14,1.28571428571429
343,2015-02-27,343,3,8,8,8,128,16,0.5
344,2015-02-28,344,3,6,14,5,122,19,0.31578947368421
345,2015-03-01,345,1,9,7,4,118,11,0.818181818181818
346,2015-03-02,346,0,5,5,11,113,16,0.3125
347,2015-03-03,347,3,5,11,11,108,22,0.227272727272727
348,2015-03-04,348,0,7,8,8,104,16,0.4375
349,2015-03-05,349,1,6,17,7,101,24,0.25
350,2015-03-06,350,4,2,17,12,102,29,0.0689655172413793
351,2015-03-07,351,5,2,11,7,99,18,0.111111111111111
352,2015-03-08,352,1,9,8,7,98,15,0.6
353,2015-03-09,353,4,2,7,12,98,19,0.105263157894737
354,2015-03-10,354,0,5,10,9,88,19,0.263157894736842
355,2015-03-11,355,1,8,4,4,88,8,1
356,2015-03-12,356,0,4,0,5,82,5,0.8
357,2015-03-13,357,0,3,8,5,81,13,0.230769230769231
358,2015-03-14,358,1,3,4,5,75,9,0.333333333333333
359,2015-03-15,359,2,6,12,3,76,15,0.4
360,2015-03-16,360,1,2,4,7,70,11,0.181818181818182
361,2015-03-17,361,1,6,6,1,70,7,0.857142857142857
362,2015-03-18,362,0,0,5,6,69,11,0
363,2015-03-19,363,1,2,5,6,68,11,0.181818181818182
364,2015-03-20,364,1,4,6,13,64,19,0.210526315789474
365,2015-03-21,365,1,3,4,13,64,17,0.176470588235294
366,2015-03-22,366,1,1,3,12,61,15,0.0666666666666667
367,2015-03-23,367,0,6,1,10,56,11,0.545454545454545
368,2015-03-24,368,0,4,5,15,54,20,0.2
369,2015-03-25,369,1,0,0,14,55,14,0
370,2015-03-26,370,0,2,4,28,51,32,0.0625
371,2015-03-27,371,0,2,1,28,50,29,0.0689655172413793
372,2015-03-28,372,1,1,5,27,50,32,0.03125
373,2015-03-29,373,1,2,0,22,49,22,0.0909090909090909
374,2015-03-30,374,1,1,2,12,50,14,0.0714285714285714
375,2015-03-31,375,0,0,1,16,48,17,0
376,2015-04-01,376,1,2,5,13,49,18,0.111111111111111
377,2015-04-02,377,0,0,3,9,49,12,0
378,2015-04-03,378,0,0,2,3,48,5,0
379,2015-04-04,379,0,2,3,8,45,11,0.181818181818182
380,2015-04-05,380,1,2,0,6,46,6,0.333333333333333
381,2015-04-06,381,0,1,0,4,44,4,0.25
382,2015-04-07,382,0,1,2,4,45,6,0.166666666666667
383,2015-04-08,383,2,0,0,4,45,4,0
384,2015-04-09,384,0,1,2,2,45,4,0.25
385,2015-04-10,385,0,0,1,7,45,8,0
386,2015-04-11,386,0,1,0,4,43,4,0.25
387,2015-04-12,387,0,1,0,8,42,8,0.125
388,2015-04-13,388,1,1,2,7,42,9,0.111111111111111
389,2015-04-14,389,2,1,5,10,44,15,0.0666666666666667
390,2015-04-15,390,1,0,0,5,42,5,0
391,2015-04-16,391,1,4,0,3,42,3,1.33333333333333
392,2015-04-17,392,0,0,4,3,42,7,0
393,2015-04-18,393,0,1,4,11,39,15,0.0666666666666667
394,2015-04-19,394,0,2,2,5,37,7,0.285714285714286
395,2015-04-20,395,1,3,4,7,37,11,0.272727272727273
396,2015-04-21,396,0,0,0,7,37,7,0
397,2015-04-22,397,0,0,1,4,37,5,0
398,2015-04-23,398,0,0,1,9,36,10,0
399,2015-04-24,399,0,1,1,7,36,8,0.125
400,2015-04-25,400,0,0,0,4,35,4,0
401,2015-04-26,401,1,1,2,3,36,5,0.2
402,2015-04-27,402,0,0,2,6,35,8,0
403,2015-04-28,403,1,1,0,8,36,8,0.125
404,2015-04-29,404,1,1,0,5,35,5,0.2
405,2015-04-30,405,2,1,2,7,36,9,0.111111111111111
406,2015-05-01,406,0,1,0,8,35,8,0.125
407,2015-05-02,407,0,1,0,16,35,16,0.0625
408,2015-05-03,408,2,0,0,6,36,6,0
409,2015-05-04,409,0,2,2,10,34,12,0.166666666666667
410,2015-05-05,410,0,1,0,12,34,12,0.0833333333333333
411,2015-05-06,411,1,0,0,7,35,7,0
412,2015-05-07,412,1,0,2,5,36,7,0
413,2015-05-08,413,0,0,0,4,36,4,0
414,2015-05-09,414,1,0,0,8,38,8,0
415,2015-05-10,415,4,0,0,17,41,17,0
416,2015-05-11,416,0,0,1,4,41,5,0
417,2015-05-12,417,0,0,1,4,41,5,0
418,2015-05-13,418,0,0,1,5,40,6,0
419,2015-05-14,419,0,1,3,13,40,16,0.0625
420,2015-05-15,420,0,1,8,16,39,24,0.0416666666666667
421,2015-05-16,421,2,1,0,11,40,11,0.0909090909090909
422,2015-05-17,422,0,0,1,6,40,7,0
423,2015-05-18,423,0,1,0,7,38,7,0.142857142857143
424,2015-05-19,424,0,1,0,6,38,6,0.166666666666667
425,2015-05-20,425,1,0,0,9,39,9,0
426,2015-05-21,426,0,0,0,10,39,10,0
427,2015-05-22,427,0,0,0,9,39,9,0
428,2015-05-23,428,1,0,1,9,40,10,0
429,2015-05-24,429,0,0,5,4,40,9,0
430,2015-05-25,430,1,0,3,11,41,14,0
431,2015-05-26,431,1,0,1,13,42,14,0
432,2015-05-27,432,4,0,0,8,45,8,0
433,2015-05-28,433,3,3,4,15,46,19,0.157894736842105
434,2015-05-29,434,3,2,1,3,46,4,0.5
435,2015-05-30,435,0,1,2,8,47,10,0.1
436,2015-05-31,436,2,0,0,3,47,3,0
437,2015-06-01,437,1,2,3,9,48,12,0.166666666666667
438,2015-06-02,438,2,1,2,8,47,10,0.1
439,2015-06-03,439,3,2,3,7,49,10,0.2
440,2015-06-04,440,2,2,1,7,47,8,0.25
441,2015-06-05,441,0,1,4,5,47,9,0.111111111111111
442,2015-06-06,442,2,2,7,7,44,14,0.142857142857143
443,2015-06-07,443,0,4,2,3,42,5,0.8
444,2015-06-08,444,3,2,1,10,40,11,0.181818181818182
445,2015-06-09,445,2,7,1,1,39,2,3.5
446,2015-06-10,446,1,2,2,7,37,9,0.222222222222222
447,2015-06-11,447,1,2,2,4,38,6,0.333333333333333
448,2015-06-12,448,2,1,0,1,38,1,1
449,2015-06-13,449,1,1,0,4,38,4,0.25
450,2015-06-14,450,0,2,1,2,37,3,0.666666666666667
451,2015-06-15,451,2,0,1,2,39,3,0
452,2015-06-16,452,1,0,4,8,37,12,0
453,2015-06-17,453,0,2,0,2,37,2,1
454,2015-06-18,454,0,1,2,0,36,2,0.5
455,2015-06-19,455,0,1,0,2,35,2,0.5
456,2015-06-20,456,0,1,0,5,35,5,0.2
457,2015-06-21,457,0,0,3,0,34,3,0
458,2015-06-22,458,0,1,1,1,32,2,0.5
459,2015-06-23,459,0,3,2,5,31,7,0.428571428571429
460,2015-06-24,460,0,2,2,10,29,12,0.166666666666667
461,2015-06-25,461,0,1,1,2,28,3,0.333333333333333
462,2015-06-26,462,0,0,1,0,28,1,0
463,2015-06-27,463,0,0,1,3,28,4,0
464,2015-06-28,464,1,0,2,6,27,8,0
465,2015-06-29,465,0,2,0,2,26,2,1
466,2015-06-30,466,1,2,2,1,25,3,0.666666666666667
467,2015-07-01,467,0,1,0,10,25,10,0.1
468,2015-07-02,468,1,0,2,6,26,8,0
469,2015-07-03,469,1,1,1,5,25,6,0.166666666666667
470,2015-07-04,470,0,2,2,5,24,7,0.285714285714286
471,2015-07-05,471,0,0,1,3,21,4,0
472,2015-07-06,472,0,3,2,4,20,6,0.5
473,2015-07-07,473,1,1,3,6,20,9,0.111111111111111
474,2015-07-08,474,0,2,4,3,17,7,0.285714285714286
475,2015-07-09,475,0,2,1,3,15,4,0.5
476,2015-07-10,476,0,3,3,7,11,10,0.3
477,2015-07-11,477,1,4,0,2,11,2,2
478,2015-07-12,478,1,1,1,8,10,9,0.111111111111111
479,2015-07-13,479,0,2,0,6,8,6,0.333333333333333
480,2015-07-14,480,0,1,1,2,7,3,0.333333333333333
481,2015-07-15,481,0,1,0,6,7,6,0.166666666666667
482,2015-07-16,482,0,0,0,3,7,3,0
483,2015-07-17,483,0,0,1,6,7,7,0
484,2015-07-18,484,0,1,0,6,6,6,0.166666666666667
485,2015-07-19,485,0,1,0,7,5,7,0.142857142857143
486,2015-07-20,486,0,0,2,15,5,17,0
487,2015-07-21,487,0,0,0,7,5,7,0
488,2015-07-22,488,0,0,0,8,6,8,0
489,2015-07-23,489,1,0,0,20,5,20,0
490,2015-07-24,490,0,1,0,23,5,23,0.0434782608695652
491,2015-07-25,491,0,0,0,27,5,27,0
492,2015-07-26,492,0,0,0,34,5,34,0
493,2015-07-27,493,0,0,0,17,5,17,0
494,2015-07-28,494,0,0,0,11,5,11,0
495,2015-07-29,495,0,0,0,18,5,18,0
496,2015-07-30,496,0,0,0,17,5,17,0
497,2015-07-31,497,1,1,2,6,5,8,0.125
498,2015-08-01,498,0,1,0,5,4,5,0.2
499,2015-08-02,499,0,0,0,3,4,3,0
500,2015-08-03,500,0,0,0,8,4,8,0
501,2015-08-04,501,0,0,2,11,4,13,0
502,2015-08-05,502,0,0,0,8,4,8,0
503,2015-08-06,503,0,0,0,9,3,9,0
504,2015-08-07,504,0,1,0,5,3,5,0.2
505,2015-08-08,505,0,0,0,3,3,3,0
506,2015-08-09,506,0,0,0,4,3,4,0
507,2015-08-10,507,0,0,0,3,3,3,0
508,2015-08-11,508,0,0,0,4,3,4,0
509,2015-08-12,509,0,0,0,4,3,4,0
510,2015-08-13,510,0,0,0,5,3,5,0
511,2015-08-14,511,0,0,0,2,3,2,0
512,2015-08-15,512,0,0,0,6,3,6,0
513,2015-08-16,513,0,0,0,18,3,18,0
514,2015-08-17,514,0,0,0,6,3,6,0
515,2015-08-18,515,0,0,0,3,3,3,0
516,2015-08-19,516,0,0,0,2,3,2,0
517,2015-08-20,517,0,0,0,8,3,8,0
518,2015-08-21,518,0,0,0,10,3,10,0
519,2015-08-22,519,0,0,0,5,3,5,0
520,2015-08-23,520,1,0,0,7,4,7,0
521,2015-08-24,521,0,0,0,8,4,8,0
522,2015-08-25,522,0,0,0,7,4,7,0
523,2015-08-26,523,1,0,1,5,5,6,0
524,2015-08-27,524,0,0,0,6,5,6,0
525,2015-08-28,525,1,0,0,5,5,5,0
526,2015-08-29,526,0,1,0,13,5,13,0.0769230769230769
527,2015-08-30,527,0,0,0,10,5,10,0
528,2015-08-31,528,0,0,0,10,5,10,0
529,2015-09-01,529,0,0,0,7,5,7,0
530,2015-09-02,530,0,0,0,4,5,4,0
531,2015-09-03,531,0,0,2,5,5,7,0
532,2015-09-04,532,0,0,1,5,4,6,0
533,2015-09-05,533,0,1,1,10,4,11,0.0909090909090909
534,2015-09-06,534,0,0,2,3,2,5,0
535,2015-09-07,535,0,2,0,7,1,7,0.285714285714286
536,2015-09-08,536,0,1,0,8,1,8,0.125
537,2015-09-09,537,0,0,0,11,1,11,0
538,2015-09-10,538,0,0,0,3,1,3,0
539,2015-09-11,539,0,0,0,3,1,3,0
540,2015-09-12,540,0,1,0,0,0,0,Inf
