"Rep","Gamma_ESS","Psi_ESS","Phi_ESS","InitialBeta_ESS","RunTime"
1,10.3190428355271,8.84489385902326,11.2035322214295,8.55006406372248,3.3917874514
2,3.43805705183334,3.04513624590953,2.94690604442858,3.33982685035239,10.1801684708333
3,3.26233933457205,2.33024238183718,2.42345207711067,2.98271024875159,10.7284976854167
4,6.22848425526104,4.77999954473522,5.21454495789297,4.34545413157747,6.90376634791667
5,3.90076829723938,2.69338763380814,2.41476132686247,2.69338763380814,10.76710965625
6,3.2418201169175,3.3714929215942,3.3714929215942,3.890184140301,7.7117172139
7,2.52365611084868,2.82955382125458,2.75307939365311,2.14128397284131,13.07626655555
8,2.01249281759949,2.38517667271051,1.86341927555508,1.86341927555508,13.4161969493167
9,2.99046294862383,3.2040674449541,2.77685845229356,3.2040674449541,9.36309878471667
10,1.73259658207619,1.73259658207619,1.73259658207619,1.73259658207619,13.2748732382
11,4.15165526012235,2.96546804294454,3.43994292981566,3.32132420809788,8.43037241945
12,0.957058378958304,0.957058378958304,0.957058378958304,0.957058378958304,24.0319718270833
13,4.81596173082951,3.54114833149229,3.54114833149229,3.82444019801167,7.05985676388333
14,3.38334266462305,3.00741570188716,2.72547047983524,4.22917833077881,10.6403647423667
15,3.79985067286559,3.67727484470864,3.67727484470864,3.43212318839473,8.15821532708333
16,1.98616452351081,1.5376757601374,1.47360593679834,1.5376757601374,15.6079718638833
17,7.60788821198142,6.05172925953067,4.84138340762454,11.7576454185167,5.7834708889
18,1.74968600252009,2.18710750315011,1.87466357412867,1.6871972167158,16.0028713493
19,4.57922010894094,5.6893340747448,4.57922010894094,4.71798435466642,7.20646730555
20,1.21852595745047,1.21852595745047,1.27150534690484,1.32448473635921,18.8752647076333
21,1.15279387794289,1.19548994749633,1.15279387794289,1.11009780838945,23.4213596347167
22,1.58711955921575,1.41707103501406,1.3603881936135,1.41707103501406,17.6420231465333
23,1.41859858452196,1.36793434936046,1.62125552516795,1.51992705484495,19.7377893263833
24,2.17643942162687,2.3578093734291,4.17150889145149,2.53917932523134,11.0271849340333
25,5.18360589885576,3.70257564203983,3.85067866772142,4.59119379612939,6.75205651875
26,2.31963634918385,2.65101297049582,2.40248050451184,2.48532465983983,12.0708575763833
27,1.28035996956653,0.80864840183149,0.774954718421845,0.80864840183149,29.67915344375
28,0.587070644190306,0.503203409305976,0.503203409305976,0.524170218027059,47.6944304354
29,0.459500969047501,0.440355095337189,0.440355095337189,0.478646842757814,52.2305753777833
30,1.74207084101867,2.1231488374915,2.39534740640067,1.52431198589133,18.3689430111167
31,3.14731792117408,1.70479720730263,2.03264282409159,2.09821194744939,15.2510808257
32,4.19711478607483,3.77740330746735,3.77740330746735,4.19711478607483,7.14776734235
33,6.16967164228018,5.77162831052017,6.16967164228018,7.56282330344022,5.02457858333333
34,4.47850464681277,3.6076842988214,3.35887848510957,3.6076842988214,8.0383973757
35,7.19282575722983,4.18491680420645,4.05413815407499,3.66180220368064,7.64650804236667
36,1.86685515025194,1.55571262520995,1.43125561519316,1.49348412020155,16.0698059493
37,1.33282614841393,1.38408869258369,1.28156360424416,1.23030106007439,19.5074204020833
38,3.04669746294586,2.85627887151174,2.85627887151174,3.33232535009703,10.5031761076333
39,2.76064405982594,2.28739079242721,2.20851524786075,2.28739079242721,12.6782008986
40,2.13910670678588,3.25144219431454,2.05354243851445,2.48136377987162,11.6871215076333
41,6.5189038523238,6.2774629689044,6.5189038523238,7.0017856191626,4.14180061735
42,4.56990175604144,3.73901052767027,3.32356491348468,3.46204678487988,7.22116180208333
43,5.07780349080032,4.66608969424894,3.97990003332998,4.66608969424894,7.28661518056667
44,1.44504894900606,1.10787086090465,1.10787086090465,1.10787086090465,20.7605424166667
45,6.16465888513221,5.51574742353935,8.43584900070723,6.65134248132686,6.16416913053333
46,3.82212654444332,3.18510545370277,3.43991388999899,3.82212654444332,7.84903368613333
47,6.56696641960144,5.44120074766977,5.62882835965838,5.81645597164699,5.32970595
48,8.3075524348475,5.79961207715769,5.9563583495133,6.26985089422453,6.37973704236667
49,2.47606099198235,1.95478499367027,1.69414699451424,1.75930649430325,15.3469563645833
50,3.07655900166399,2.10964045828388,2.28544382980753,2.37334551556936,11.3763461
51,4.1513116627719,2.73609177773602,3.3965277240861,4.05696367043617,10.5990596645833
52,3.67827174176205,3.52501041918863,3.67827174176205,4.75110099977598,6.52480340903333
53,5.36950576755993,4.10609264578112,4.10609264578112,4.89572584689288,6.33205391181667
54,1.84668956757677,2.65923297731055,2.43763022920134,2.65923297731055,13.5377382527833
55,5.14901421112874,4.47151234124338,4.8780134631746,5.42001495908289,7.38005343195
56,6.73886406689391,4.67594649539578,5.77616920019478,4.40089081919602,7.27125514235
57,3.5923923468808,2.74712355937944,2.95844075625478,4.22634393750683,9.46444505971667
58,4.15152337005106,3.57889945694057,3.57889945694057,4.15152337005106,6.98538763125
59,6.18802460223947,4.03566821885183,4.43923504073701,4.57375731469874,7.43371317291667
60,5.30735022657727,6.44463956084383,8.52967000699918,6.63418778322159,5.2757023382
61,6.1589030919361,5.24647300424186,7.52754822347745,6.61511813578322,4.38389752151667
62,6.2107355224577,3.9225698036575,4.24945062062895,3.9225698036575,6.1184379632
63,1.97978596511955,2.51280526342097,3.19811578980851,2.05593157916261,13.1327327590333
64,2.22246026184453,2.31135867231831,2.31135867231831,2.22246026184453,11.2487950534833
65,1.13475294241568,1.70212941362352,1.3238784328183,1.13475294241568,21.1499782048667
66,1.40703543634618,1.07379020142208,1.25892644304658,0.925681208122487,27.00713785765
67,2.54711156566641,2.06952814710396,2.14912538353104,2.06952814710396,12.56325024445
68,3.48900029159503,3.700454854722,4.22909126253943,3.06609116534109,9.45829671596667
69,4.18344427612815,2.7192387794833,2.7192387794833,2.8238248863865,9.56149941526667
70,3.21083976206917,3.10012114958403,2.7679653121286,3.43227698703946,9.03190509305
71,0.631729776316033,0.753216271761423,0.704621673583267,0.631729776316033,41.1568378993
72,1.68316642522759,1.8178197392458,1.95247305326401,1.95247305326401,14.85295786875
73,4.29386265191063,4.01683925501317,3.73981585811571,3.87832755656444,7.2196068
74,1.83781371462879,1.83781371462879,1.7765532574745,1.59277188601162,16.323743675
75,6.71221093545851,3.49594319555131,3.49594319555131,4.47480729030568,7.15114594305
76,5.01866381680138,5.99451511451276,6.41273709924621,4.73984916031241,7.17322405208333
77,6.88673378267459,5.08306541102172,5.73894481889549,4.91909555905328,6.09868209305
78,3.73777224112368,3.07816537504303,3.18809985272314,3.51790328576346,9.09632738611667
79,2.12804423988801,2.27480591160442,2.64171009089546,1.90790173231338,13.6275362402833
80,4.7369751562371,7.10546273435565,4.45832955881139,5.15494355237567,7.17757617015
81,2.41149415795844,2.14355036262972,2.23286496107263,2.59012335484425,11.1963779430667
82,3.83611456693039,3.43927512897207,3.70383475427762,3.70383475427762,7.55973250903333
83,8.33772212201627,4.01445879948932,4.01445879948932,6.02168819923397,6.4765890743
84,2.73510836824962,3.05069779535534,2.62991189254771,2.73510836824962,9.50602188265
85,5.63059763097452,4.66535232280746,4.66535232280746,6.11322028505805,6.21603643056667
86,3.97177462695318,4.2554728145927,4.2554728145927,3.82992553313343,7.04974542361667
87,3.79970638277816,2.71407598769869,2.44266838892882,2.71407598769869,11.05348565625
88,7.99266118567267,3.99633059283633,3.49678926873179,4.62075724796701,8.00734555278333
89,4.14496166195979,4.50024409012777,5.68451885068771,4.50024409012777,8.44398642361667
90,2.29907648869343,2.06124098986307,2.21979798908331,2.85402598596425,12.6137604132
91,4.89031175764119,5.72524303333603,6.20234661944736,4.05538048194635,8.38392356805
92,4.08282357304194,4.76329416854893,5.55717652997375,3.28894121161712,8.81742729166667
93,3.20823600573026,3.65075131686547,3.31886483351406,3.09760717794646,9.03923525208333
94,2.99431996996125,2.33931247653223,2.62002997371609,2.62002997371609,10.6869006388833
95,6.15675413191896,5.30164939137466,9.74819404220501,7.18287982057211,5.84723690903333
96,1.44743616785014,1.24065957244298,1.18896542359119,1.34404787014656,19.3445490875
97,3.31990182028358,3.42050490574672,4.82894810223066,2.81688639296788,9.94005298541667
98,4.98420710080322,5.98104852096386,7.64245088789827,5.15034733749666,6.01901152846667
99,7.92976613603384,7.92976613603384,7.92976613603384,7.92976613603384,2.90046384791667
100,2.55490489631807,2.81039538594988,2.89555888249381,2.3845779032302,11.7421200465167
101,5.84267065404743,6.24561345777483,6.85002766336595,5.64119925218372,4.96348360486667
102,7.46436360991776,6.50739391633856,6.89018179377024,5.7418181614752,5.22482585765
103,6.56628106222964,6.88658745550914,5.44520868575141,4.64444270255267,6.24402148056667
104,12.2733479680809,5.38009773943271,5.38009773943271,6.38886606557634,5.94784733471667
105,7.85697682004789,4.99989434003047,4.82132668502938,4.82132668502938,5.60011834166667
106,6.01945285426556,6.82204656816763,6.62139813969211,6.22010128274108,4.9838416757
107,6.85817511927482,7.91327898377864,6.85817511927482,8.17705494990459,3.7910959618
108,8.24896426979725,7.97399879413734,8.24896426979725,10.7236535507364,3.63682021388333
109,4.05338466045086,4.47270031498026,4.33292843013713,3.91361277560773,7.15451466596667
110,6.69749688198033,7.76909638309718,8.57279600893482,6.96539675725954,3.73273783333333
111,6.95989583034426,5.17020833111288,5.36906249769415,7.15874999692553,5.02881089791667
112,4.56457323251251,6.13856400234441,5.03677046346208,4.56457323251251,6.35327740903333
113,10.5425140008233,5.38341140467573,5.38341140467573,8.97235234112621,4.45813968056667
114,3.36351073457484,3.62224232954214,3.88097392450943,3.88097392450943,7.73001843958333
115,3.53099521890351,3.42065161831277,3.08962081654057,3.42065161831277,9.06260077291667
116,3.72492088594166,4.29798563762499,3.86818707386249,3.43838851009999,6.98001401805
117,4.52584276092891,3.66960223859101,4.28120261168951,3.79192231321071,8.17527297223333
118,7.35420684789689,6.58007981127616,6.58007981127616,6.96714332958652,5.16711057846667
119,6.92096195095979,6.25119143957658,5.80467776532111,6.69770511383205,4.47914613888333
120,5.07469542175187,5.95725114727394,5.51597328451291,5.51597328451291,4.53229171181667
121,5.86931739467234,6.08669952040094,6.30408164612955,5.86931739467234,4.60019422778333
122,8.71841262779213,5.56494423050562,8.34741634575843,6.12143865355618,5.39088960416667
123,8.56509128353888,4.75838404641049,4.35052255671816,5.03029170620537,7.35543824513333
124,1.64068769854212,1.64068769854212,1.64068769854212,1.71202194630482,14.0185118840333
125,4.23027438328714,5.48368901537222,11.1240548597551,3.91692072526587,6.3825647118
126,10.8236969420496,6.82363502868342,9.6472081440007,9.41191038439093,4.24993421806667
127,5.3991237982861,4.58107473793972,4.744684550009,4.744684550009,6.11210285833333
128,8.83152736177953,8.83152736177953,9.85054974967716,9.85054974967716,2.94399812568333
129,8.09641938475949,7.36038125887226,7.36038125887226,7.85107334279708,4.07587582013333
130,11.004778436838,8.20695341052324,7.4608667368393,5.22260671578751,5.36130739375
131,4.2754324489325,7.12572074822083,4.75048049881389,4.59213114885342,6.31515064791667
132,2.56314247409461,2.76819387202218,2.87071957098596,3.07577096891353,9.75365210973333
133,6.69445499531856,6.69445499531856,9.52672441641487,7.98185018672597,3.88381130625
134,5.70096812566208,4.69491492701583,5.36561705944667,4.52723939390812,5.96389933263333
135,5.42099581444831,4.62767935379733,5.81765404477379,4.09880171336335,7.56318606458333
136,5.95553535208781,5.08399359324569,5.08399359324569,6.10079231189483,6.8843517125
137,7.88113081937892,7.318192903709,7.88113081937892,10.9772893555635,3.55278964931667
138,4.67202993417863,3.91847671898852,3.91847671898852,5.12416186329269,6.63523145971667
139,1.49372359843151,1.49372359843151,1.49372359843151,1.49372359843151,16.7366974895833
140,2.64299132192967,1.54174493779231,1.76199421461978,1.54174493779231,18.16124010765
141,8.66073054387001,6.92858443509601,9.40307887620173,7.67093276742773,4.04122952708333
142,6.18920383131507,6.18920383131507,6.80812421444657,8.25227177508676,4.84715010486667
143,7.73050719940654,6.95745647946588,7.21514005277943,7.73050719940654,3.88072855068333
144,1.67133785403028,1.61164721638634,1.61164721638634,1.61164721638634,16.75304602985
145,4.2882320147834,5.00293735058064,7.57587655945068,5.14587841774008,6.99589012361667
146,7.50303196307596,7.08619685401618,11.046130390084,7.08619685401618,4.79806032776667
147,7.81544960795591,6.10582000621555,7.57121680770728,7.32698400745866,4.09445413958333
148,7.59669427779596,6.2944038301738,6.2944038301738,5.20916179048866,4.6072671507
149,5.16723581722144,5.16723581722144,6.29054795140002,6.29054795140002,4.4511225757
150,7.52584347084486,6.79753603818246,7.76861261506567,7.76861261506567,4.11913961805
151,7.93826224971766,6.89375405896534,7.72936061156719,6.4759507826644,4.78694187778333
152,8.23681435061263,7.51003661379387,7.51003661379387,7.99455510500638,4.12780943611667
153,6.13586058574672,6.79327421993387,6.13586058574672,6.13586058574672,4.56333705903333
154,8.28061539943636,7.60921415083341,7.16161331843145,7.60921415083341,4.46826693611667
155,5.74112702762559,5.93909692512992,6.73097651514724,5.93909692512992,5.05127300971667
156,4.39674796047965,4.74385964157014,5.09097132266064,4.97526742896381,8.64275149305
157,9.89291995045077,8.99356359131889,11.0920617626266,10.7922763095827,3.33571889445
158,6.51520421028372,6.29054199613601,7.41385306687458,6.51520421028372,4.45112678958333
159,5.85038493079147,4.61872494536169,5.08059743989786,4.15685245082552,6.49529910416667
160,5.90528366354954,4.6692940595508,4.6692940595508,4.39462970310664,7.28161464375
161,5.98115002979076,6.47957919893999,6.23036461436537,6.47957919893999,4.01260625138333
162,8.61768028775103,5.3860501798444,5.56558518583921,7.00186523379771,5.56994439306667
163,4.79528942256195,6.23387624933053,5.43466134557021,4.95513240331401,6.25613958958333
164,7.64670821040044,10.1956109472006,8.92115957880051,7.39181793672043,3.92325680208333
165,5.01588215246833,6.36631196274826,6.17339341842256,6.94506759572538,5.1835348618
166,7.13347372245131,6.94067713535803,4.62711809023869,5.59110102570508,5.18681380763333
167,2.82138504607801,2.82138504607801,2.82138504607801,3.06672287617175,8.15202449306667
168,7.21460686892286,5.7115637712306,6.01217239076905,5.7115637712306,6.65316917083333
169,1.78322586140393,3.08635245242989,3.15493806248388,1.71464025134994,14.58031792985
170,2.72448814340186,2.88960863694137,3.30240987079014,2.39424715632285,12.1123668972167
171,4.54002824129972,4.70217210706043,5.51289143586395,7.62076169075311,6.16736251666667
172,6.30292689127702,4.2448283145335,4.11619715348703,4.75935295871938,7.77416600973333
173,9.86433093679126,5.91859856207475,6.90503165575388,7.29960489322553,5.06876749375
174,12.6548695560667,5.06194782242668,5.96586707643144,5.24273167322763,5.53146752638333
175,7.56442105755636,8.2221968016917,8.2221968016917,7.56442105755636,3.04054994096667
176,5.10675622814276,5.10675622814276,4.91034252706035,6.28523843463724,5.09129452013333
177,7.37168886033954,5.21412138902065,5.39391867829723,6.47270241395667,5.5618191132
178,3.98784576679917,4.35037720014455,4.71290863348993,3.26278290010841,8.27514450903333
179,7.08918375714945,4.92304427579823,5.71073135992595,5.90765313095787,5.0781586757
180,4.5582622626471,4.99938441709681,5.44050657154653,4.85234369894691,6.80083729583333
181,3.79358651300835,3.16132209417363,3.16132209417363,2.90841632663974,7.9080837875
182,4.43021555085551,4.43021555085551,5.21201829512413,4.95141738036793,7.67457014443333
183,10.7225516145658,6.52677054799656,7.4591663405675,8.1584631849957,4.29002364861667
184,4.02284428195279,3.0762926861992,3.1946116356684,3.0762926861992,8.45173156528333
185,3.28811258380994,4.69730369115705,3.10022043616366,2.72443614087109,10.6444043833333
186,8.6043202244045,6.69224906342572,7.07466329562147,7.83949176001298,5.229930875
187,2.06554901268589,1.84424018989812,1.99177940508997,1.91800979749404,13.5557180333333
188,4.31856772542695,4.93550597191651,5.05889362121442,3.70162947893738,8.10453887151667
189,6.79588373584563,4.47533806994712,4.30958480809723,6.96163699769552,6.03306377708333
190,5.9344959094892,4.91715375357677,5.08671077956218,5.08671077956218,5.89772080625
191,10.095269012802,5.8889069241345,7.78176986403487,7.5714517596015,4.75470241943333
192,6.20953921659665,7.4113855165831,6.61015464992547,6.00923149993224,4.9923189014
193,2.64315167518815,3.10283022739478,2.87299095129147,3.67742841765308,8.70173294098333
194,2.65123186954904,2.37696650373362,2.19412292652334,2.65123186954904,10.93831148195
195,7.23555535068797,7.86473407683475,7.55014471376136,7.23555535068797,3.17874701875
196,6.06811253496052,5.18009606642971,4.88409057691944,4.73608783216431,6.75663145068333
197,6.88931441208339,4.43978039889818,4.13358864725003,4.59287627472226,6.53185459515
198,9.73296642398417,4.21277651187374,4.3580446674556,4.50331282303745,6.8838211375
199,6.15105325347105,5.62382011745925,6.15105325347105,6.32679763214165,5.69008242291667
200,10.4425518609238,10.0074455333854,11.7478708435393,10.4425518609238,2.2982888014
201,7.64708219486042,6.97233964825509,6.97233964825509,6.29759710164976,4.44614025763333
202,3.70607322095748,3.84333519210406,3.98059716325063,3.70607322095748,7.28533906111667
203,4.1879316806407,2.83301260749224,2.83301260749224,3.07936152988287,8.11856605903333
204,4.38985280625896,3.29238960469422,3.41432996042363,3.29238960469422,8.20073054583333
205,5.6918448043472,6.5288808049865,5.6918448043472,5.52443760421934,5.97345872361667
206,5.20600003529928,6.03896004094717,5.8307200395352,6.03896004094717,4.80215133125
207,3.86351702598517,3.59706757591723,3.99674175101914,3.59706757591723,7.50611419723333
208,2.41198104269539,2.51684978368214,2.51684978368214,2.6217185246689,9.53573000486667
209,7.89652754856713,6.84365720875818,6.84365720875818,18.6884485316089,3.79913826875
210,5.96070530546073,5.50218951273298,5.96070530546073,5.50218951273298,4.36189992083333
211,5.28882647536526,5.63004108667914,5.4594337810222,5.11821916970831,5.86141370763333
212,7.36601185090289,7.57646933235726,7.15555436944853,6.94509688799416,4.75155358265
213,8.8521345401111,10.9486927206637,9.55098726696197,8.6191836311608,4.2927499382
214,1.39744376598055,1.34369592882745,1.34369592882745,1.34369592882745,18.6053998257
215,6.06547894602626,10.1091315767104,6.31820723544402,12.1309578920525,3.95681861458333
216,3.00041125975172,3.25044553139769,3.00041125975172,3.25044553139769,7.99890345765
217,6.98666745685313,7.74198285759401,7.17549630703835,6.79783860666791,5.29580092776667
218,2.54376291113581,2.63147887358876,2.54376291113581,2.28061502377693,11.4004335361
219,12.2830446007951,7.7436585526752,6.67556771782345,7.20961313524933,3.74499983473333
220,6.52889847979999,4.70688029939069,4.55504545102325,5.61788938959534,6.58610332708333
221,3.36179786529341,3.07364376255398,2.78548965981454,2.78548965981454,10.4110959083333
222,6.27064202769651,6.074684464331,6.46659959106203,5.29085421086893,5.10314571596667
223,4.4560803511556,4.78616037716712,5.28128041618441,5.28128041618441,6.05913670138333
224,6.94527890194198,6.04911388233657,6.27315513723792,8.06548517644875,4.46346366181667
225,3.7576357942407,2.76296749576522,2.87348619559583,3.09452359525705,9.04824252848333
226,4.47092134080029,6.12681813368928,6.29240781297818,5.46445941653368,6.03902371388333
227,2.43863872528574,2.19477485275717,2.19477485275717,2.43863872528574,12.3019452159667
228,7.81938890926455,7.59597779757128,6.25551112741164,8.2662111326511,4.47605310416667
229,0.971752318929909,0.894012133415516,0.894012133415516,0.932882226172713,25.7267201868167
230,6.88186590904358,7.06786228496368,6.88186590904358,7.81184778864407,5.37644884236667
231,7.19626305768874,5.34579541428306,5.34579541428306,8.84112318516045,4.86363543403333
232,6.86821113557095,5.83797946523531,4.63604251651039,6.18139002201386,5.82393278401667
233,5.67282445777358,4.91644786340377,6.4292010521434,5.67282445777358,5.2883709382
234,7.00575563498496,5.20427561456026,5.80476895470182,11.2092090159759,4.99589220971667
235,11.0508257967476,6.06712004527321,6.50048576279273,6.28380290403297,4.61503972083333
236,6.90187320397766,4.20845927071808,5.0501511248617,5.0501511248617,5.9404162882
237,6.01307729562239,5.61220547591423,6.01307729562239,7.61656457445503,4.98912595416667
238,7.39880781916604,5.60515743876215,5.60515743876215,8.96825190201944,4.46017801875
239,3.64515808397388,3.89654829666174,3.51946297762996,3.39376787128603,7.95575921041667
240,4.19410040842057,4.19410040842057,4.94304690992424,4.19410040842057,6.67604427013333
241,6.39483951329436,5.07825490761611,5.07825490761611,6.58292302839125,5.3167870639
242,4.81203133242485,5.16847809778965,4.81203133242485,5.34670148047205,5.61093603403333
243,3.6054454465616,3.16842175606928,3.38693360131544,2.84065398820005,9.1528218882
244,6.30687815913148,8.08068764138721,8.08068764138721,6.89814798655006,5.07382562221667
245,3.55102591261759,4.18513768272788,3.8046706206617,3.8046706206617,7.88504524861667
246,3.89783489294158,3.89783489294158,4.6774018715299,4.83331526724756,6.41381707708333
247,5.45843686102245,3.68444488119015,3.95736672424127,4.36674948881796,7.32810528333333
248,5.22846118090441,6.09987137772181,5.66416627931311,6.75342902533486,4.59026072291667
249,2.73281708866558,4.02331404720211,5.08607624834983,1.97370123070292,13.1732197333333
250,4.10537839569345,3.94747922662831,3.94747922662831,4.26327756475858,6.33315555693333
251,12.2151440862456,5.4067031201415,5.80719964755938,6.00744791126833,4.99380110208333
252,2.96344468576953,3.22113552801036,3.73651721249202,3.22113552801036,7.76123816666667
253,6.768297697156,5.8347393941,5.601349818336,6.301518545628,4.28468151041667
254,5.72333494211158,5.39628723113378,4.90571566466707,5.23276337564488,6.11531569513333
255,4.12029896915732,4.75419111825845,6.33892149101127,4.91266415553373,6.31022170833333
256,7.11846216135146,6.0062024486403,5.78375050609807,8.6756257591471,4.49535296735
257,5.47460186829602,6.11867267633085,5.95765497432214,5.79663727231344,6.21049727778333
258,7.92479999339718,7.13231999405747,6.93419999422254,5.94359999504789,5.04744599653333
259,1.04332103547203,0.922937839071409,0.963065571204948,1.04332103547203,24.9204215347167
260,8.80628710234941,6.12611276685177,6.50899481478,7.08331788667236,5.22354080276667
261,3.82863981478877,2.65877764915887,2.55242654319251,3.5095864968897,9.40281712083333
262,6.50727278339183,7.50839167314442,6.50727278339183,6.75755250582998,3.99552944305
263,6.20698107650181,5.00006808940423,6.20698107650181,4.82765194839029,5.79992101736667
264,3.73864985151235,4.25432569310026,4.51216361389422,3.4808119307184,7.75681092153333
265,3.34653468986673,3.34653468986673,3.17491752628383,3.43234327165819,11.6538460270833
266,7.5229637881903,7.27219832858395,6.26913649015858,7.77372924779664,3.98779003125
267,4.43042890258734,3.43000947297084,3.57292653434463,4.14459477983977,6.99706522361667
268,6.60056631593191,6.03480348885203,7.35491675203841,5.8462158798254,5.3025753132
269,2.5710732657638,2.79145097425784,2.35069555726976,2.2037770849404,13.6129920784667
270,8.03440053568919,8.57002723806847,10.9803473987752,10.1769073452063,3.73394379166667
271,8.96429917847072,7.17143934277658,6.49911690439127,6.72322438385304,4.46214469236667
272,3.16322894415157,2.74146508493136,2.63602412012631,4.53396148661725,9.4839799868
273,4.82955808819059,5.66948123396287,5.66948123396287,6.29942359329208,4.76234048333333
274,4.05081583572963,4.72595180835124,5.06351979466204,4.72595180835124,5.92473244236667
275,6.83616022689945,6.38041621177282,7.06403223446276,5.69680018908288,4.38842844583333
276,4.24582063964784,4.24582063964784,4.24582063964784,4.67040270361262,7.06577186041667
277,5.43121939192595,7.70882752402394,7.35842627293194,5.78162064301795,5.70774217776667
278,8.2783629702628,8.2783629702628,9.3581494446449,8.2783629702628,2.77832707778333
279,8.80279967690951,8.04827399031727,7.04223974152761,7.29374830372502,3.97600777986667
280,7.57814991615351,5.78332493601189,5.18504994263135,6.18217493159892,5.01441650276667
281,6.14141166827497,8.39326261330912,8.59797633558496,7.36969400192996,4.88487038818333
282,0.986629790638131,0.913546102442714,0.913546102442714,0.877004258345006,27.3658876472167
283,4.65971427424775,5.03249141618757,6.15082284200703,6.70998855491676,5.36513582778333
284,5.3897054280359,4.61974750974506,5.19721594846319,4.81223698931777,5.19508911458333
285,2.85415291481932,4.3304389052431,5.11779143346912,2.95257198084757,10.1606328972167
286,2.12735152038909,2.29753964202022,1.95716339875797,2.97829212854473,11.751701475
287,7.1087777242031,6.53239034115961,7.87729423492776,6.34026121347844,5.204832875
288,5.43157913051331,5.43157913051331,5.43157913051331,7.08466843110432,4.23449598125
289,5.8273510585857,4.94441908001211,4.76783268429739,8.12297420287703,5.6629503986
290,5.64472292234724,4.76273496573048,4.93913255705383,5.11553014837718,5.66901164861667
291,5.77130206164607,5.38654859086966,6.34843226781067,5.38654859086966,5.19813374513333
292,5.70968137989204,5.07527233768181,5.70968137989204,5.4982116991553,4.72881027916667
293,4.62429118522808,3.98645791830007,4.94320781869208,5.10266613542408,6.27123138193333
294,7.11499734702136,6.88548130356905,6.88548130356905,6.42644921666445,4.35699389445
295,6.64128649749088,4.9335271124218,5.88228232634907,7.96954379698906,5.27006326458333
296,6.16844725713857,4.93475780571086,5.46348185632274,5.46348185632274,5.67403732916667
297,7.26362556766665,6.79500456330106,7.73224657203224,10.0753515938602,4.2678411368
298,7.02676414053107,6.07720141883768,5.12763869714429,4.93772615280561,5.26558160485
299,3.43694296649619,5.15541444974428,7.2704562752804,4.23008365107223,7.56486222013333
300,3.63951644560774,4.06769485097336,3.53247184426634,3.74656104694914,9.3419003618
301,0.387047836429594,0.508691442164609,0.67456908634872,0.309638269143675,90.4280988181333
302,0.455462708323981,0.414057007567255,0.414057007567255,0.414057007567255,72.4537912696167
303,1.24652586027952,0.858717814859227,1.44042988298967,1.46813045766255,36.10033408365
304,0.772451981413101,0.772451981413101,0.82073023025142,0.675895483736463,41.42652329205
305,1.02248945755165,1.51724242088309,1.58320948266061,0.95652239577412,30.3181610050333
306,0.758103233774671,0.804048884306469,0.78107605904057,0.758103233774671,43.5296916433
307,0.703733005498297,1.45959438177425,1.19895252788599,0.886182303220078,38.3668234814167
308,1.20049506824346,1.30339464552147,1.02899577278011,0.994695913687441,29.1546387201833
309,0.367897654493119,0.398555792367546,0.383226723430333,0.398555792367546,65.2355341407833
310,0.64637674078936,0.834903290186256,0.8079709259867,0.754106197587586,37.1300489103167
311,0.908616263289531,0.79137545512314,0.937926465331129,0.937926465331129,34.1178132645
312,1.67241575122948,1.55004386699317,1.22371884236303,2.36585642856853,24.5154352139167
313,1.02374584934292,1.13343290462966,1.2431199599164,0.950621145818426,27.3505382395167
314,1.16160557377656,1.41052105387154,1.49349288056987,1.61795062061736,24.1045675331667
315,0.952965245539548,0.98099363511424,1.23324914128647,0.840851687240778,35.6781111999
316,1.70140280293883,1.20099021383917,1.451196508389,1.80148532075876,19.9835100431667
317,1.35971748037989,1.31585562617408,1.6228886056147,1.31585562617408,22.7988537672833
318,1.54151394748352,0.816095619255982,0.876547146608277,1.36015936542664,33.08435845375
319,1.05313165460304,1.17464684551878,1.05313165460304,1.01262659096446,24.6882712967167
320,0.38835651533907,0.474657963192197,0.431507239265634,0.431507239265634,69.52374669555
321,3.24320257513669,3.02698907012758,3.24320257513669,2.4864553076048,9.25011599028333
322,1.92213483475297,1.45458852359684,1.61043729398222,1.97408442488143,19.2494300249
323,1.59351234800079,1.21410464609584,1.74527542876277,1.06234156533386,26.3568713808167
324,1.04060628982897,1.04060628982897,1.08585004156067,1.08585004156067,22.1024994993833
325,0.712956555069428,0.646116878031669,0.62383698568575,0.62383698568575,44.8835202825
326,4.57922010894094,5.6893340747448,4.57922010894094,4.71798435466642,7.20646730555
327,0.417108878832319,0.341270900862807,0.328631237867888,0.341270900862807,79.11603342605
328,1.32183170560142,1.4870606688016,1.65228963200178,1.43198434773487,18.1566230393
329,1.01901327415367,0.89770217008776,1.18884881984595,0.703604403582299,41.2163423826667
330,1.75715362413091,1.06246498203264,1.34851324642604,1.14419305757361,24.47139476565
331,2.4344853738055,1.48186066231639,2.01109661314368,1.79940223281276,18.8951638383
332,1.93239994335565,1.54591995468452,2.89859991503348,1.83577994618787,20.69964871275
333,1.4874969381319,1.43791370686084,1.63624663194509,1.38833047558978,20.1681087409
334,1.72593910460662,1.66840780111973,1.89853301506728,3.56694081618702,17.3818415261167
335,1.74753964625005,1.65792222849364,2.10600931727571,1.3442612663462,22.3170902495333
336,0.623861773277814,0.584870412447951,0.565374732033019,0.526383371203155,51.29341365455
337,0.839720836477216,0.901922379919973,1.18182932541238,0.808620064755837,32.1535429718167
338,0.726729908022585,1.1809361005367,1.158225790911,0.70401959839688,44.0328650943667
339,1.58742203592005,1.34690354562913,1.68362943203641,1.68362943203641,20.7884225198333
340,0.471832686997731,0.52425854110859,0.52425854110859,0.54173382581221,57.2236742897167
341,1.08807423795015,0.912578393119478,0.912578393119478,0.947677562085612,28.490703041
342,1.5136230280901,1.64717800115687,2.71561778569105,1.95880627164601,22.4626603645833
343,0.838692354725671,0.764690088132229,0.888027199121298,0.666020399340974,40.5392988363667
344,1.65364086537223,1.59661876656629,2.85110494029695,1.93875135940193,17.5370605596833
345,1.05603644454604,1.8837406848659,1.36999322535702,1.17020254665912,35.0366696065167
346,1.8009324010227,1.59628099181558,1.35069930076703,1.26883873708418,24.4317887639833
347,1.53400324846365,1.42037337820709,1.98852272948992,1.53400324846365,17.6010057521333
348,1.36513219676513,1.12623406233123,1.50164541644164,1.0921057574121,29.3011915584333
349,0.38172893950476,0.327196233861223,0.340829410272107,0.368095763093876,73.3504775308
350,1.05909375867325,0.949532335362225,0.949532335362225,0.949532335362225,27.3819005753833
351,1.44396467429922,1.28352415493264,2.56704830986529,1.16319376540771,24.9313578377333
352,1.77635065366929,3.00613187544034,2.7783946121494,2.04963536961841,21.9551246368167
353,0.352278054848432,0.366956307133783,0.366956307133783,0.396312811704486,68.1280019282667
354,2.20339317584958,2.30831666041385,2.09846969128532,2.72801059867091,19.0615095210167
355,1.02601617410271,0.887365339764506,0.831905006029225,0.748714505426302,36.0618096808833
356,1.56845314778087,1.82986200574434,3.72507622597956,2.15662307819869,15.3017002987667
357,1.65166675906897,1.70862078524376,1.76557481141856,1.59471273289418,17.5580212175167
358,2.05329634754784,1.56698931786546,1.89119400432038,1.78312577550207,18.5068268617833
359,2.08353696379374,1.36067720084489,1.78588882610892,1.36067720084489,23.5177013182333
360,1.92812245748446,1.56659949670612,1.6871071502989,1.92812245748446,16.5964562446667
361,1.38946647764807,1.54826264652214,1.46886456208511,1.19097126655549,25.1895245859
362,1.08030272304212,0.964556002716181,1.15746720325942,0.925973762607534,25.91866094825
363,6.03820993446316,1.41585612256378,1.87392722104029,1.08271350548995,24.0137394316833
364,1.90529532343723,1.35487667444425,1.35487667444425,1.69359584305532,23.6183857937667
365,1.33282592337022,1.22760282415678,1.29775155696574,1.22760282415678,28.5108500170167
366,1.44327150196541,1.26832950172718,1.39953600190585,1.22459400166762,22.8647208477833
367,1.64546928529529,0.980952843156807,1.1708146837678,0.88602192285131,31.6019268574
368,1.07034446572997,1.5892993582051,1.45956063508632,1.07034446572997,30.83119599025
369,1.15317050968597,1.10704368929854,1.29155097084829,1.15317050968597,21.67936119595
370,1.03036958514964,0.759219694320789,0.840564661569445,0.786334683403674,36.8799705927667
371,0.746646921553916,0.554651998868623,0.554651998868623,0.661315844804897,46.8762396115667
372,1.04468052715821,1.85057693382311,2.23860112962473,0.805896406664903,33.5030653775167
373,1.16872921848114,1.13220643040361,1.20525200655868,1.05916085424854,27.3801659905333
374,1.73231205316954,1.31655716040885,1.31655716040885,1.00474099083833,28.8631600227667
375,1.98022882406374,1.71967239984482,2.44923038765778,1.82389496953239,19.1897014820833
376,0.919106938165431,1.0661640482719,1.0661640482719,0.955871215692048,27.2003169184
377,0.851657784464845,0.82326919164935,0.794880598833855,0.851657784464845,35.2254162965833
378,0.657009807624431,0.885534958102494,0.657009807624431,0.685575451434189,35.0070877680833
379,1.16110236231014,1.40015284866811,1.16110236231014,1.05865215387101,29.2825172901667
380,0.599336947640774,0.599336947640774,0.599336947640774,0.663551620602286,46.7182944589333
381,1.47584590686322,1.05417564775944,1.35536868997642,0.933698430872647,33.2012981654333
382,1.89163636676398,1.55211189067814,2.47367832576828,1.55211189067814,20.6170703234667
383,1.44667633950441,1.20556361625367,1.2457490701288,1.44667633950441,24.8846262408167
384,1.30086404794411,0.946082943959354,1.00521312795681,0.946082943959354,33.8236728653833
385,0.724920971417189,0.756439274522284,0.85099418383757,0.756439274522284,31.7275963958333
386,2.02627668104518,2.02627668104518,2.11437566717758,2.11437566717758,11.3508684254
387,2.27398714995674,1.7835193332994,2.22939916662425,1.33763949997455,22.4275673681667
388,0.725685007284182,0.703694552517995,0.725685007284182,0.593742278687058,45.4742755724
389,1.67115649020299,1.26884103885783,1.11410432680199,1.20694635403549,32.3129523276667
390,1.49730669087329,0.847532089173558,0.988787437369151,0.791029949895321,35.3968898443167
391,0.4117013016814,0.400265154412472,0.377392859874617,0.320212123529978,87.4420358958667
392,0.686321366019852,0.686321366019852,0.7879986054302,0.737159985725026,39.34017114545
393,1.18819423463241,1.34317609132359,1.23985485352947,1.18819423463241,19.35710452855
394,1.7301317369161,1.19461477072778,1.60655089856495,1.93609980083468,24.2756080961
395,0.697105156005988,0.566397939254866,0.588182475380053,0.653536083755614,45.9041218162
396,1.14059347794633,1.61805121290061,1.6445766426203,1.08754261850697,37.6996719965667
397,1.34857056552971,1.00278324103491,1.07194070593387,1.27941310063075,28.9195100329667
398,1.16685761420649,1.1266211447511,1.64969524767125,1.40827643093887,24.8530751712333
399,0.969371791285604,1.11624630511676,1.32187062448037,0.939996888519374,34.0426658756333
400,0.748391773931092,0.81442634221913,1.166610706422,0.594311114592338,45.4307505565
401,3.2935995640309,3.2935995640309,4.31575115286807,3.40717196279058,8.80495622986667
402,5.23107708409058,4.8935882399557,4.55609939582083,5.06233266202314,5.92612181041667
403,6.57735241004418,7.98678506933936,9.39621772863454,7.28206873969177,4.25703204791667
404,6.35559761655595,4.53971258325425,5.05853687848331,3.50206399279613,7.70973918681667
405,3.12881320180494,3.35229985907672,4.02275983089206,3.24055653044083,8.9490801125
406,5.80622456512969,6.11181533171546,6.26461071500835,4.27827073220082,6.54470035971667
407,3.756442583442,5.008590111256,5.008590111256,3.47818757726111,7.18765145486667
408,4.4242339560412,4.08390826711496,4.4242339560412,4.4242339560412,5.87672357708333
409,2.24046396197842,3.01600917958633,3.18835256127698,2.15429227113309,11.6047392152833
410,2.82706566339692,2.65572835046377,2.82706566339692,2.99840297633007,11.6728806222167
411,3.81067146643432,3.51754289209322,4.69005718945762,4.10380004077542,6.82294452015
412,3.58848866286735,2.92745127760231,3.49405475068663,2.54971562887944,10.58941620555
413,2.24352422268638,2.62656494363283,3.11904587056399,1.64160308977052,18.27481940485
414,4.30336671690961,4.01647560244897,4.30336671690961,4.30336671690961,6.97128596596667
415,7.30967898185706,5.48225923639279,5.48225923639279,6.09139915154755,4.92497688193333
416,32.4310196571866,32.4310196571866,32.4310196571866,35.2511083230289,0.709197559716667
417,2.28053952820901,2.03619600732947,2.11764384762265,1.95474816703629,12.2777963958333
418,5.5342124127469,5.04589955279865,6.51083813264342,5.04589955279865,6.14360228055
419,4.03962440905685,5.08210812752314,7.03676509964742,3.648693014632,7.6739807618
420,5.91986027652905,5.91986027652905,6.69201596477197,8.23632734125781,3.88522683401667
421,5.01090970313987,6.50063961488416,5.41719967907013,4.60461972720961,7.38388879305
422,6.17375208361029,5.83076585674305,7.20271076421201,7.03121765077839,5.83113793888333
423,2.58040067699688,3.01046745649636,3.01046745649636,2.79543406674662,9.30088114375
424,6.44552248431766,5.15641798745413,5.15641798745413,6.62968026958388,5.43012612013333
425,6.32749441256928,5.5162771801886,7.30095509142609,4.70505994780793,6.16357715346667
426,1.48912476209177,2.10959341296334,1.67526535735324,1.86140595261471,16.1168497166667
427,3.67478980624118,3.77686730085899,3.16440233315213,4.08309978471242,9.79647868263333
428,7.61231064594163,5.82117872924948,7.16452766676859,6.49285319800904,4.46644935833333
429,1.96543635362679,2.03823029265001,2.47499392678929,1.67426059753393,13.7374074465333
430,3.80136857354061,5.40963989311548,4.38619450793147,4.82481395872462,6.83964195973333
431,3.42420397555538,3.68760428136733,3.42420397555538,3.55590412846136,7.59300561111667
432,5.98647426175398,5.2957272315516,6.21672327182144,5.52597624161906,4.34312399305
433,5.36068147908267,4.25157496616902,4.43642605165463,4.25157496616902,5.40975995555
434,5.1454639159776,5.50032349638985,5.50032349638985,4.96803412577148,5.6360321389
435,5.43021240007577,4.90470797426198,5.60538054201369,5.07987611619991,5.70880063541667
436,4.65299226402231,7.19098804439811,5.92199015421021,4.51199249844587,7.09221037291667
437,30.6222884488374,30.6222884488374,30.6222884488374,30.6222884488374,0.751086909733333
438,6.52634898815784,4.35089932543856,4.85292617068147,5.0202684524291,5.97577605346667
439,6.95629301879238,5.79691084899365,6.95629301879238,8.50213591185735,5.17517015208333
440,5.82054525425101,5.63865321505567,7.27568156781377,6.00243729344636,5.49776672153333
441,7.89996578895416,6.91247006533489,7.89996578895416,7.89996578895416,4.05065045278333
442,4.4488596175132,7.22939687845895,5.42204765884421,4.4488596175132,7.19285451805
443,5.67046093143348,5.10341483829013,4.08273187063211,4.42295952651812,8.81762534026667
444,7.64569845533335,8.91998153122224,15.0365402954889,9.4296947615778,3.92377494028333
445,5.39586259870086,6.47503511844103,4.79632230995632,4.31669007896069,8.33972310763333
446,5.43630632892698,5.43630632892698,6.62549833837976,5.09653718336904,5.88634967638333
447,5.49657658639356,4.96032521211126,6.16689080424643,4.15594815068781,7.45918834306667
448,7.33115674003208,6.89991222591255,6.89991222591255,5.82180094061371,4.63774015556667
449,4.57611149994482,4.73390844821878,5.0495023447667,4.73390844821878,6.33725817221667
450,7.59072090946159,5.83901608420123,7.97998864840834,6.42291769262135,5.13785192015
451,7.60667254356526,8.20719932332041,9.208077289579,10.2089552558376,4.99561401945
452,9.02028933498257,7.8563810336945,9.6022434856266,11.3481059375587,3.43669685625
453,7.12722941214372,6.69527611443804,11.2307857403477,6.26332281673236,4.63013017986667
454,8.52991072342806,6.73414004481162,9.65226739756333,7.18308271446573,4.45491180765
455,6.50365381819178,4.91739678936452,5.55189960089543,4.28289397783361,6.30414858265
456,1.81020341487386,1.87485353683364,2.00415378075321,1.61625304899452,15.4678749194333
457,3.00503246033932,3.00503246033932,3.11235504820859,3.64896798755489,9.31770300971667
458,7.66224253583654,8.14113269432633,8.62002285281611,6.94390729810187,4.17632303471667
459,5.6481652199601,4.2705639467991,5.2348848380118,3.8572835648508,7.25899445276667
460,6.93770870639879,4.6251391375992,4.6251391375992,4.29477205634211,6.05387193055
461,2.77509865920803,3.59735011378818,2.98066152285307,3.39178725014314,9.72938382223333
462,2.57328043316766,2.39581281708713,2.39581281708713,2.57328043316766,11.2696617229167
463,1.76503235089021,1.42341318620178,1.65115929599407,1.59422276854599,17.56341745485
464,2.67816800841615,3.54463412878608,3.07201624494793,2.75693765572251,12.6952453666667
465,8.29109687174807,5.46458657456123,9.98700305006017,6.21832265381105,5.30689734791667
466,2.75821884124497,2.24105280851154,2.32724714730045,2.75821884124497,11.60169001875
467,5.55788048681509,4.74054512110699,4.90401219424861,4.90401219424861,6.11743992708333
468,3.05642888645923,2.61979618839362,2.61979618839362,2.94727071194282,9.16101798541667
469,7.20087022721612,6.58365277916903,7.20087022721612,6.78939192851806,4.86052364445
470,7.84662382196205,3.0704180172895,3.41157557476611,3.29785638894057,8.79359092083333
471,5.58819221856184,4.3799344415755,5.58819221856184,3.62477333095903,6.62110366875
472,3.19177188468414,4.46848063855779,4.57487303471393,3.51094907315255,9.3991679493
473,6.39355901919896,8.52474535893194,9.47193928770216,6.86715598358407,4.22300004096667
474,2.55309346120809,3.19136682651012,3.55609446382556,4.92382310375847,10.9670877409833
475,6.07752102379307,5.88147195850942,11.7629439170188,8.43010980719684,5.10076392638333
476,8.77586332090757,4.14858993351994,3.98902878223072,5.26551799254454,6.26718967568333
477,3.38230924757506,3.24137969559277,4.65067521541571,3.66416835153965,7.0957438375
478,6.73347088992152,5.91729260023407,6.73347088992152,5.50920345539034,4.90088997776667
479,2.80169620797853,3.12496884736067,2.90945375443924,3.23272639382138,9.2800925118
480,3.01359453064575,3.31495398371033,4.018126040861,3.2145008326888,9.95488931736667
481,4.57166359945252,4.57166359945252,5.63838510599145,4.72405238610094,6.5621626236
482,2.07903678354656,2.34729959432676,2.34729959432676,1.87783967546141,14.9107510965333
483,4.63396057594383,2.83711871996561,3.40454246395873,3.12083059196217,10.5741080868
484,5.1218204330753,4.90841124836383,6.18886635663265,5.1218204330753,4.68583393611667
485,4.38504337222719,3.34648046827865,4.26964749401069,3.92345985936117,8.66582078541667
486,5.29565521502406,5.29565521502406,12.3565288350561,4.90338445835561,5.09851923958333
487,2.1401136383156,2.05780157530346,2.38704982735202,2.38704982735202,12.14888757985
488,4.42605436727087,4.42605436727087,5.16373009514935,4.79489223121011,5.42243678195
489,5.64484891432285,5.41905495774993,5.41905495774993,5.64484891432285,4.42881649791667
490,2.60387578390917,3.10785174208514,3.35983972117313,3.10785174208514,11.9053298131833
491,5.67636163105987,6.30706847895541,9.88107395036348,7.35824655878131,4.75656798401667
492,5.11454263116746,4.94405787679521,5.6259968942842,5.45551213991195,5.86562712708333
493,1.42557188407332,1.46877103207555,1.33917358806888,1.12317784805777,23.1486046888833
494,4.83298714077315,5.79958456892778,9.18267556746899,4.83298714077315,6.20734115903333
495,5.06244170570969,4.10468246408893,6.29384644493637,4.2415052128919,7.30872613471667
496,3.38334266462305,3.00741570188716,2.72547047983524,4.22917833077881,10.6403647423667
497,7.54275187848399,8.35090386546442,11.5835118133861,12.6610477960267,3.71217301736667
498,5.27039064005955,5.40908513058743,5.54777962111532,4.43822369689225,7.21009173611667
499,6.47535046135188,9.71302569202781,9.71302569202781,6.66580194550929,5.25068105625
500,2.74943039120317,2.74943039120317,3.06667235941892,2.43218842298742,9.45650418471667
501,4.13017882065623,3.83516604775222,4.13017882065623,3.83516604775222,6.77936748403333
502,5.90519050590329,5.45094508237227,4.69386937648723,4.69386937648723,6.60435932778333
503,3.67790542924774,3.80925919457802,3.67790542924774,3.94061295990829,7.61302881181667
504,5.84449255811498,5.09519864040793,4.79548107332511,4.6456222897837,6.67294886805
505,7.32889556269992,4.03837102434486,5.23492540192852,3.8888017271469,6.68586413611667
506,2.24034398036582,2.15073022115118,2.32995773958045,2.68841277643898,11.15900067985
507,3.3393455148767,1.85519195270928,2.89409944622647,1.92939963081765,13.4756945034667
508,1.44612351172258,1.2533070434929,1.2533070434929,1.34971527760774,20.7451159993
509,2.78981221866076,2.51083099679468,2.60382473741671,2.60382473741671,10.7534119319333
510,1.55588293128824,1.61350822503965,1.55588293128824,1.55588293128824,17.3534907138833
511,2.70009135542274,3.18225052603394,2.6036595213005,2.70009135542274,10.3700194972167
512,4.06871291324763,4.06871291324763,3.27481771066273,2.97710700969339,10.0768967666667
513,4.74324986575298,4.44679674914342,4.44679674914342,4.15034363253386,6.74642932708333
514,9.6182138317834,6.55787306712505,5.82922050411115,5.5377594789056,6.86198094098333
515,7.70303535636827,5.18204196701138,5.18204196701138,5.04198677871378,7.14004252291667
516,3.56679327381587,3.21011394643428,3.92347260119746,3.68568638294307,8.41091638818333
517,2.64660332684101,2.64660332684101,2.54858098140245,3.13671505403379,10.20175548265
518,3.51019948993901,2.89075252112625,3.7166818128766,3.40695832847022,9.68605918195
519,3.65336799855783,5.48005199783675,3.93439630613921,3.65336799855783,7.11672079305
520,1.99752524823242,1.7835046859218,1.7835046859218,2.21154581054303,14.0173447243167
521,0.903818937200971,0.941478059584345,0.903818937200971,0.941478059584345,26.5539910840167
522,3.57235235405258,3.24759304913871,3.46409925241462,3.35584615077666,9.23761060763333
523,2.79991092029563,3.33835532804479,2.69222203874579,3.33835532804479,9.2860097125
524,0.705790815422309,0.705790815422309,0.767163929806858,0.705790815422309,32.5875592277833
525,5.35243004069289,3.98808512835941,3.04353865059008,4.30293395428252,9.5283823632
526,2.37628431944638,2.37628431944638,2.37628431944638,2.69312222870589,12.6247519097333
527,2.01835087528671,2.10610526116874,2.19385964705077,2.10610526116874,11.3954418340333
528,2.92237347706996,2.302476072843,2.92237347706996,2.65670316097269,11.2921911791667
529,2.07989111257057,1.81151806578727,1.74442480409145,2.88501025292047,14.90462640695
530,1.6128326713905,1.23334263106333,1.23334263106333,2.41924900708575,21.0809221583333
531,2.17798793211194,2.87494407038776,2.35222696668089,2.35222696668089,11.47848416945
532,11.5923049883602,12.0963182487236,11.5923049883602,11.5923049883602,1.98407478263333
533,5.02118238193951,4.13509137336195,5.02118238193951,4.72581871241366,6.77131349028333
534,3.79401276336758,4.30671719084969,2.97368567939621,2.66606302290695,9.75220757221667
535,4.69327735686538,4.34562718228276,4.17180209499145,6.25770314248717,5.75290952291667
536,8.20891560931937,4.46449796296316,4.46449796296316,5.47261040621291,6.94366987221667
537,5.47914153101571,5.30791835817147,5.13669518532723,6.6777037409254,5.840330975
538,2.30891547120396,2.40127209005211,2.2165588523558,2.40127209005211,10.8275943020833
539,3.45048115947581,2.6713402524974,2.78264609635146,3.33917531562176,8.98425424375
540,0.609790832814669,0.586337339244874,0.609790832814669,0.938139742791799,42.6375711159667
541,2.31019099645242,2.4128661518503,2.20751584105453,2.00216553025876,19.4789089166667
542,4.18346300390151,3.60643362405303,3.75069096901515,4.32772034886363,6.93205604375
543,1.75460371508319,1.68441956647986,1.82478786368652,1.75460371508319,14.2482315437333
544,6.36119022812449,4.68719279967068,4.35239331397992,6.86338945666064,5.97372482778333
545,0.883871414957526,0.954581128154128,0.954581128154128,0.883871414957526,28.28465722155
546,5.16121319984189,3.53911762274872,3.68658085702992,4.27643379415471,6.78135133055
547,4.83711964195399,5.13943961957611,5.89523956363142,4.98827963076505,6.6155072375
548,3.21125214927355,5.7802538686924,5.35208691545592,3.63941910251003,9.34215022846667
549,4.26343476324683,3.91775086352411,4.14820679667259,4.4938906963953,8.67844872846667
550,4.33501801212105,3.76462090526302,3.76462090526302,3.5364620625198,8.7658228625
551,4.10689112840849,3.98955138188253,3.87221163535657,3.05083340967488,8.52226146388333
552,3.04927286729315,2.23117526875108,3.12364537625152,2.15680275979271,13.44582849235
553,5.67830685732948,4.63230296255826,4.93116121820718,4.93116121820718,6.69213569375
554,1.77969294798385,2.07630843931449,2.13563153758062,1.77969294798385,16.8568404083333
555,6.77692999124866,4.38507234727855,4.65083430771967,4.25219136705798,7.52553148193333
556,3.5475711061791,3.78407584659104,3.5475711061791,3.78407584659104,8.45649011735
557,8.13948342767341,4.50269295998955,6.40767844306205,5.88813694767864,5.77432221806667
558,3.45836137191143,4.09879866300614,4.48306103766297,3.33027391369249,7.80716561875
559,4.12674344649342,4.55364794095826,5.40745692988793,5.26515543173299,7.02733290208333
560,3.18773686953749,3.61276845214248,3.82528424344498,3.71902634779373,9.41106535068333
561,3.83237486850615,4.47110401325717,4.63078629944493,5.42919773038371,6.26243538888333
562,4.40519303667063,4.02760506209886,3.90174240390827,4.40519303667063,7.94516828403333
563,4.49343604522201,3.67644767336346,3.94877713064964,4.22110658793583,7.3440457743
564,3.3393455148767,1.85519195270928,2.89409944622647,1.92939963081765,13.4756945034667
565,6.14918730409368,5.39622559338833,8.15708519930794,4.76875750113387,7.96853268193333
566,7.25462810016926,5.95251536424144,5.58048315397635,7.4406442053018,5.37587860625
567,5.21432471254326,5.21432471254326,5.02120157504166,6.56618667505448,5.17804346458333
568,4.14371215816582,3.49625713345241,4.01422115322314,4.66167617793655,7.72254412916667
569,5.98057839405586,7.10193684294133,7.22653222615083,4.2362430291229,8.02597956875
570,2.27170565348763,3.37313869760285,1.85866826194443,1.65214956617282,14.52652985625
571,3.4699596418117,3.23862899902425,3.23862899902425,3.58562496320542,8.64563369513333
572,6.37922574727756,4.62493866677623,4.46545802309429,7.17662896568726,6.27035342291667
573,6.02281501584731,7.38280550329671,5.24567759444766,8.54851163539619,5.147094825
574,4.39964931658486,4.53297202314803,5.19958555596392,3.99968119689532,7.50059780346667
575,4.65869215640354,7.18769646987974,9.45048980299003,4.25937568585466,7.51283811528333
576,4.440011768333,4.30546595717139,4.84364920181781,3.76728271252497,7.43241273263333
577,6.59205245283269,7.69072786163814,6.3723173710716,7.69072786163814,4.5509346618
578,1.91097794598295,1.21183967306236,1.35166732764647,2.05080560056706,21.45498334305
579,7.71291103092233,5.53747458630322,7.71291103092233,9.09727967749814,5.05645661458333
580,5.68213113055684,5.23354183077604,5.98119066374405,5.23354183077604,6.68763165208333
581,6.19758248045762,4.82034192924482,4.54489381900225,4.54489381900225,7.26089570278333
582,1.74973784580726,1.74973784580726,1.74973784580726,1.8793480566078,15.4308830118167
583,6.94997529886372,6.0355048648027,5.48682260436609,7.86444573292473,5.46764533195
584,3.64779299253772,3.05943928406389,3.05943928406389,4.23614670101155,8.49828925693333
585,5.9311106522826,4.31353501984189,6.65003315558958,4.85272689732212,5.56388203401667
586,7.02249177160041,5.38935415029799,5.87929543668871,6.36923672307944,6.12318268195
587,14.8474403981597,14.8474403981597,17.4296039456658,15.4929812850363,1.54908855555
588,2.79695257275694,3.8796438912435,3.24807395545967,2.34583119005421,11.0834914763833
589,8.18075303485521,8.89212286397306,8.18075303485521,8.53643794941414,2.81147712221667
590,9.25436312594606,3.7799511359498,4.30132370642563,3.64960799333084,7.67205684861667
591,3.21853290866281,5.91794760625098,3.42618019309267,3.63382747752253,9.63171758056667
592,4.2139231497974,4.07345904480415,4.63531546477713,3.65206672982441,7.11925655346667
593,1.09066976662518,1.13106494316686,1.33304082587523,1.09066976662518,24.7554308611167
594,3.37976260937474,3.37976260937474,3.24457210499975,3.24457210499975,7.39696922223333
595,4.02149968907436,4.8494555074132,5.79569072837188,4.73117610479337,8.4545574111
596,2.04409296008478,2.21443404009184,2.04409296008478,2.29960458009538,11.74114899305
597,4.49179853928852,3.99270981270091,4.61657072093543,4.49179853928852,8.01460699653333
598,4.18756238801486,4.96303690431391,4.34265729127467,4.34265729127467,6.44766513265
599,2.09681355329746,2.03327374865208,2.47805238116972,1.90619413936132,15.7381661083333
600,5.40462657497005,5.681786912148,6.65184809227083,4.85030590061415,7.2160397132
601,6.16750217760418,4.50060969717062,4.16723120108391,4.50060969717062,5.99918718056667
602,1.22188706481933,1.32371098688761,1.22188706481933,1.27279902585347,19.6417497909667
603,5.09005885621414,4.36290759104069,3.92661683193662,4.65376809711007,6.8761483882
604,4.01298730279657,5.85227314991167,4.01298730279657,4.68181851992934,5.98058209236667
605,4.96297966165824,4.76446047519191,5.55853722105723,8.7348442045185,5.03729648403333
606,4.14693126725318,4.41447521997919,3.74561533816416,3.34429940907514,7.47540723541667
607,6.84713484988022,6.04158957342373,6.84713484988022,9.86792963659209,4.96558060348333
608,4.35731616684142,6.04401919916713,5.20066768300427,4.35731616684142,7.11447111318333
609,1.44834601856049,1.39041217781807,1.44834601856049,1.50627985930291,17.2610686118
610,3.34552567632142,3.47419974079532,3.73154786974312,3.98889599869092,7.77157389166667
611,0.878447355061596,0.878447355061596,0.878447355061596,1.10760753464288,26.1825593389
612,1.16343953588241,1.07394418696838,1.07394418696838,1.20818721033943,22.3475300590333
613,5.45460719697987,3.95459021781041,4.2273205776594,3.95459021781041,7.333250325
614,5.87849286609977,4.02212669785774,4.48621823991824,4.95030978197875,6.46424191805
615,7.23394412047429,5.47433609116973,6.6474081107061,7.03843211721822,5.11477547846667
616,5.19795635479475,5.00543945276532,5.77550706088306,6.5455746690008,5.19434911666667
617,6.80224662243196,3.19499462568774,3.5041876539801,2.9888659401595,9.70267672776667
618,4.74089240470019,6.36634122916883,4.46998426728875,4.19907612987731,7.38257631945
619,5.61343969271677,3.78907179258382,4.63108774649133,4.06974377721966,7.12575572013333
620,4.77135833741767,3.77270194121397,3.88366376301438,3.32885465401233,9.01210870346667
621,1.11480523247373,1.16327502518998,1.11480523247373,1.16327502518998,20.6314065722167
622,3.05111852659896,2.76507616473031,3.14646598055518,3.8138981582487,10.4879570298667
623,1.31952404926985,1.09960337439154,1.09960337439154,1.27553991429419,22.7354704270833
624,8.48248439717024,8.16239064633362,8.00234377091532,5.44159376422242,6.24816946526667
625,7.16132351963683,4.77421567975789,5.32508671972995,5.87595775970201,5.4459207007
626,11.4036891977788,4.08811499543013,3.76536907473828,3.98053302186618,9.29523754651667
627,5.55293058300951,5.55293058300951,4.66950980843981,4.41710387284847,7.92374392985
628,4.14592287054314,3.8497855226472,3.99785419659517,3.70171684869923,6.7536229868
629,5.61766109490181,4.89280159878545,5.61766109490181,5.61766109490181,5.51831081945
630,3.92052210876339,2.7369682646084,2.44107980356966,2.36710768830997,13.51860760625
631,5.81320836593187,4.47169874302452,4.76981199255949,5.36603849162942,6.70885981458333
632,1.13325086211603,1.32863894179121,1.32863894179121,1.25048370992114,25.5900974527833
633,1.55126912137187,1.37398122178652,1.68423504606089,1.72855702095723,22.5621715264
634,0.838440977828227,0.715140834029958,0.715140834029958,1.03572120790546,40.5514531125
635,0.903307945839072,0.934456495695592,1.52627894296947,0.934456495695592,32.1042232979167
636,1.91097794598295,1.21183967306236,1.35166732764647,2.05080560056706,21.45498334305
637,1.18387620175553,0.870497207173182,0.940136983747037,1.35797564319016,28.7192190784667
638,1.04513653237194,0.627081919423165,0.679338746041762,0.705467159351061,38.27251154375
639,1.64895798123819,1.53902744915565,1.48406218311437,1.53902744915565,18.1933077381833
640,5.2327057289735,4.70943515607615,4.53501163177703,5.58155277757173,5.7331716236
641,1.28716516259346,1.48519057222323,1.48519057222323,1.48519057222323,20.1994279798667
642,2.03948798893078,1.48326399194966,1.5450666582809,2.47210665324943,16.1805316722167
643,1.93656210966748,1.93656210966748,2.00828663224776,2.00828663224776,13.9422329215333
644,6.9306189540147,4.36930325361796,6.17729080683919,4.97196577135837,6.63721383403333
645,2.88959022213675,2.9698566171961,3.13038940731481,2.48825824683998,12.4585139180667
646,4.73839782796905,3.01534407234394,3.33841665152365,4.30763438906277,9.2858391375
647,5.84063235777809,5.84063235777809,8.66024797877441,6.64623682091989,4.9652157889
648,4.8787112666139,3.4964097410733,4.8787112666139,3.08985046885547,12.2983297680667
649,4.77159735530693,5.04426006132447,4.49893464928939,5.04426006132447,7.33506987153333
650,6.2540651980247,7.71334707756379,6.77523729786009,5.00325215841976,9.59375991458333
651,2.12701690542724,2.12701690542724,2.19348618372185,1.86113979224884,15.0445442715333
652,2.98130400058335,2.50044851661829,2.59661961341131,3.17364619416937,10.39813450555
653,3.75660337879396,5.05696608683802,4.19005761480864,3.4676338881175,6.92114588055
654,5.91349860567925,4.95455288583937,5.43402574575931,6.71262003887915,6.2568713493
655,5.22532439303706,5.36283292969593,5.08781585637819,3.98774756310723,7.272275775
656,3.88661606844697,2.88361837336388,2.88361837336388,3.25974250902004,7.97609011388333
657,5.05570515202926,6.06684618243511,6.06684618243511,6.57241669763804,5.93389034721667
658,4.82495455935954,4.34245910342358,4.18162728477826,4.5032909220689,6.21767513681667
659,2.22796247079891,2.4507587178788,2.59928954926539,2.3022278864922,13.4652178361167
660,2.23514842838914,2.32111567563487,2.1491811811434,2.1491811811434,11.6323371055667
661,6.93307541911168,3.39856638191749,3.39856638191749,5.43770621106798,7.35604286943333
662,3.54696759283116,2.53354828059369,2.63489021181744,3.14159986793617,9.8675838118
663,4.53827549532958,2.82381586376063,2.62211473063487,2.72296529719775,9.91566070555
664,5.01456047421915,3.93033118249609,4.33691716689224,3.65927385956532,7.37851307013333
665,6.87720429296513,6.06812143496923,6.06812143496923,5.66358000597129,4.94386942013333
666,3.68222808480542,3.68222808480542,3.08832032919165,3.2071018803144,8.41881580555
667,3.81840613876471,3.81840613876471,4.18792931348388,3.69523174719166,8.11857064791667
668,4.10497305001123,4.48981427344978,4.36153386563693,3.72013182657268,7.79542267638333
669,3.44296400236842,3.08679531246823,3.44296400236842,4.03657848553538,8.42297508195
670,8.58134102965515,4.46229733542068,8.06646056787585,5.8353119001655,5.82659514721667
671,3.71969077522487,3.17267742592709,3.3914827656462,3.82909344508442,9.14054475346667
672,1.62709771065429,1.75225907301231,1.75225907301231,1.62709771065429,15.9793722465167
673,2.13308384195397,1.61422561012733,1.49892378083252,1.61422561012733,17.3457785729167
674,1.19964648640529,1.15350623692817,1.15350623692817,1.43034773379092,21.6730514319333
675,4.0562787882883,3.92952007615429,3.80276136402028,4.69007234895834,7.88900410208333
676,2.16775136768483,1.78520700868162,2.61405311985523,1.91272179501602,15.6844555638833
677,5.29833536115862,5.44551134341303,6.18139125468506,4.709631432141,6.79458689306667
678,2.91916903549311,2.52994649742736,3.01647467000955,4.08683664969035,10.2768971701333
679,2.86891263279911,2.86891263279911,2.78197588635065,2.78197588635065,11.5026158770833
680,1.45697934000537,1.32038752687986,1.27485692250469,1.32038752687986,21.9632489777667
681,5.98046106064547,5.83459615672728,5.25113654105456,4.52181202146365,6.85565871665
682,4.57828448820368,4.39515310867553,4.57828448820368,7.87464931971033,5.46056062361667
683,1.38162636351267,1.42926865190965,1.76276467068857,1.33398407511568,20.9897558166667
684,2.32309257649608,2.66725443968069,2.83933537127299,2.23705211069993,11.6224382416667
685,0.630799482797999,0.658225547267478,0.658225547267478,0.630799482797999,36.4616659132
686,3.52029684472334,4.64679183503481,4.22435621366801,4.08354433987907,7.10167383681667
687,3.47765039341902,3.10504499412413,2.8566413945942,3.10504499412413,8.05141311875
688,7.81201519190571,6.72196656047701,5.26856838523874,5.6319179290483,5.50434157431667
689,6.20238744488549,7.18171177828846,5.54950455595018,4.89662166701486,6.12667304931667
690,5.25123434137073,3.25076411608664,3.50082289424715,5.00117556321022,7.99811954098333
691,3.64276167033246,4.09810687912402,4.09810687912402,2.95974385714512,8.78454395208333
692,2.46737778090662,2.36868266967035,2.86215822585168,3.15824355956047,10.1322141236167
693,4.30935264427336,4.53616067818248,4.64956469513704,3.96914059340967,8.81802979166667
694,2.29943135090637,1.46908114085684,1.53295423393758,1.72457351317977,15.65604469375
695,6.67062598655057,5.68965157676372,7.25921063242268,6.67062598655057,5.09697291806667
696,5.19224523954236,4.55904460057378,6.20536626189209,4.6856847283675,7.89639127361667
697,3.67081636907204,4.22700066741629,4.00452694807859,3.44834264973434,8.98982588125
698,4.19094095075301,4.35857858878313,4.8614915028735,4.35857858878313,5.96524749305
699,4.56259710746778,4.31597023679385,4.06934336611991,3.45277618943508,8.10941644166667
700,4.94422383508854,5.87961753361881,10.1557030126143,4.14245780777689,7.4834799625
