beta,gamma,psi,phi
5.35E-05,0.148438503,7.35E-05,0.001096322
4.70E-05,0.126326371,0.000967444,0.018759839
4.63E-05,0.152368819,0.00115693,0.01771307
4.18E-05,0.266566352,0.001947244,0.031780282
4.40E-05,0.097311041,0.000758799,0.007642306
4.88E-05,0.105334728,0.000296653,0.008079923
4.36E-05,0.11897776,0.001671458,0.037170151
4.87E-05,0.164336983,0.001356265,0.019906515
5.13E-05,0.135866186,0.000646531,0.01005013
4.30E-05,0.120716164,0.000450611,0.01267082
4.19E-05,0.135716632,0.00034649,0.017518048
4.41E-05,0.00948016,0.000669991,0.012033159
4.67E-05,0.171892414,0.000542292,0.009194553
4.53E-05,0.136257644,0.000649044,0.023786738
4.55E-05,0.221448955,0.00129882,0.023509855
4.51E-05,0.005668163,0.000188174,0.004729125
3.55E-05,0.222799595,0.000546618,0.010336318
5.39E-05,0.109101932,0.001398735,0.024326146
4.61E-05,0.2474556,0.002007972,0.02242297
5.21E-05,0.100578637,0.001863212,0.027742854
4.74E-05,0.12297095,0.003398462,0.041341851
4.80E-05,0.157706941,0.002542951,0.032094953
5.14E-05,0.063161822,0.0009556,0.018546469
4.99E-05,0.101357083,0.000779595,0.011668062
4.39E-05,0.092216832,0.00013871,0.009749583
4.41E-05,0.100755824,0.000669424,0.021408648
4.87E-05,0.062560853,0.001185068,0.018257881
4.00E-05,0.006043182,0.001248391,0.041364169
5.61E-05,0.034230488,0.001407472,0.030939481
5.00E-05,0.21932328,0.000815597,0.041654973
5.24E-05,0.199302428,0.000602705,0.015503432
4.89E-05,0.225911627,0.001115404,0.018312269
4.40E-05,0.25530929,0.000684178,0.01513946
4.51E-05,0.057450801,0.000274183,0.005910462
4.50E-05,0.163155077,0.000808263,0.01440996
4.36E-05,0.051654736,0.000795784,0.016553564
5.28E-05,0.146876775,0.002019455,0.029719099
4.78E-05,0.196915128,0.002581524,0.038868932
4.43E-05,0.115608187,0.001440182,0.019401086
4.26E-05,0.200591677,0.001227173,0.025738602
3.86E-05,0.287123647,0.000496461,0.019819686
5.54E-05,0.188486486,4.07E-05,0.016631798
4.22E-05,0.222411483,0.001815471,0.03093397
5.31E-05,0.152639929,0.001108665,0.02305884
3.81E-05,0.258721322,0.001618518,0.022742928
4.69E-05,0.136463257,0.00033127,0.014960649
4.82E-05,0.243211911,0.000464922,0.019848591
4.97E-05,0.270045514,0.000950788,0.029645366
4.93E-05,0.171275513,0.001071692,0.022428988
4.09E-05,0.15214843,0.001057174,0.033031322
3.44E-05,0.086047949,0.00077372,0.013336271
3.22E-05,0.165201711,0.000323352,0.008016113
3.32E-05,0.189665213,0.000328446,0.007960892
3.62E-05,0.088106693,0.001096786,0.022219615
3.40E-05,0.12500519,0.000217977,0.011040592
3.72E-05,0.164016884,0.000825308,0.012357827
3.48E-05,0.075760788,0.000338646,0.009663885
3.76E-05,0.179104375,0.000622567,0.027274415
3.46E-05,0.117086418,0.000465649,0.011109822
3.80E-05,0.216695721,0.000246305,0.017035938
3.29E-05,0.24364422,0.000124307,0.002655085
3.49E-05,0.193429978,0.000335378,0.011670349
3.44E-05,0.090963621,0.001635248,0.028049824
3.44E-05,0.144153537,0.001532036,0.015965259
3.57E-05,0.034080678,0.001370057,0.024254403
3.37E-05,0.04162659,0.001732766,0.032045211
3.62E-05,0.136185894,0.001674356,0.018202612
3.73E-05,0.161643686,0.001557711,0.025744918
3.95E-05,0.144021189,0.000411396,0.020153472
3.70E-05,0.156856394,0.000654235,0.018481093
3.60E-05,0.083456442,0.00179289,0.031643137
3.74E-05,0.310652581,0.000640541,0.008991331
3.54E-05,0.140968123,0.00065095,0.017928417
3.50E-05,0.06337694,0.001675316,0.025800245
3.66E-05,0.135344743,0.000448082,0.006834436
3.13E-05,0.153047694,0.001063796,0.025218688
3.51E-05,0.188980293,0.00013584,0.015961249
3.94E-05,0.172734926,0.001906226,0.032846837
3.46E-05,0.079113579,0.001578395,0.019756119
3.54E-05,0.152546292,0.000937331,0.027241182
3.36E-05,0.110234204,0.000696353,0.011824376
3.71E-05,0.163403155,0.000757017,0.015505299
3.63E-05,0.236845006,0.001806394,0.04053185
3.65E-05,0.15724649,0.001489825,0.0202913
3.41E-05,0.201144562,0.001183033,0.015718908
3.10E-05,0.115114925,0.000644498,0.018144294
3.43E-05,0.035206065,0.000280136,0.007590798
3.39E-05,0.143116937,0.001130579,0.027620148
3.80E-05,0.125865497,0.001039478,0.015313466
3.51E-05,0.027712981,0.000406494,0.006215665
3.50E-05,0.12596108,0.001260124,0.02981594
3.72E-05,0.189544386,0.002882711,0.037956121
3.67E-05,0.148902837,0.001907587,0.02474688
3.40E-05,0.073474744,0.00018319,0.019008113
3.37E-05,0.148262294,0.000325067,0.014959764
3.62E-05,0.135302376,0.00085801,0.021541412
3.80E-05,0.128615763,0.001516499,0.033269219
3.51E-05,0.176515298,0.000659283,0.009793753
3.20E-05,0.203840275,0.001745686,0.034826317
3.51E-05,0.04773004,0.00148677,0.02118197
3.58E-05,0.21627262,0.0011215,0.02777149
3.61E-05,0.22071722,0.00179215,0.02638292
3.57E-05,0.18325218,0.001837,0.01833806
3.44E-05,0.13777218,0.00082142,0.01887248
3.53E-05,0.09561619,0.00037403,0.0103093
3.49E-05,0.23122709,0.0008872,0.01817268
3.02E-05,0.16255977,5.03E-05,0.00119287
3.64E-05,0.30015459,0.00190222,0.02847592
3.13E-05,0.097061371,0.000740529,0.021738038
3.60E-05,0.123881215,0.00018457,0.002029485
3.49E-05,0.136139207,0.000529494,0.010701744
3.49E-05,0.127991828,0.001133176,0.017243031
3.49E-05,0.090625493,0.000108247,0.002549855
3.21E-05,0.07505995,0.000889985,0.016279625
3.82E-05,0.077088898,0.001220385,0.034202217
3.71E-05,0.06044896,0.000692859,0.012169742
3.49E-05,0.116894026,0.001467511,0.025459697
3.40E-05,0.162141409,0.000879713,0.016390212
3.60E-05,0.137680158,0.000192497,0.004941343
3.15E-05,0.188161073,0.000353762,0.009302354
3.32E-05,0.227514721,0.00058449,0.015430864
3.43E-05,0.124649363,0.000502866,0.023897103
3.57E-05,0.170897723,0.00177102,0.025576159
3.42E-05,0.019757015,0.000585653,0.013751259
3.57E-05,0.131252108,0.001617111,0.027316489
3.34E-05,0.17843585,0.000554573,0.013386492
3.69E-05,0.171490014,0.001702701,0.030569106
3.53E-05,0.30337341,0.000476771,0.008187662
3.33E-05,0.206290884,0.000818271,0.022469055
3.40E-05,0.177161156,0.001467274,0.026966321
3.37E-05,0.195795794,0.003342835,0.032823721
3.61E-05,0.074438118,0.001402738,0.0196875
3.38E-05,0.238252812,0.000606767,0.025025828
3.55E-05,0.118128388,0.000786032,0.022217727
3.38E-05,0.072788875,0.00108994,0.026720509
3.41E-05,0.118707375,0.002040336,0.027740341
3.18E-05,0.077197583,7.69E-05,0.005770497
3.54E-05,0.13030129,0.001308949,0.046606423
3.54E-05,0.034727655,0.001851633,0.023740384
3.42E-05,0.019387979,0.001495448,0.022020322
3.44E-05,0.150698308,0.000312799,0.010571401
3.58E-05,0.223436395,0.001480572,0.024746829
3.47E-05,0.130894827,0.00017506,0.004650175
3.63E-05,0.00183234,0.000759366,0.027748451
3.51E-05,0.119743159,0.001352965,0.020259487
3.52E-05,0.146138758,0.000608517,0.024820752
3.58E-05,0.20319995,0.000402692,0.007957279
3.88E-05,0.166262474,0.000599025,0.010525376
3.81E-05,0.205408959,0.000388261,0.02827614
3.66E-05,0.182857633,0.000589694,0.016367366
3.58E-05,0.175850725,0.000879236,0.018304491
3.39E-05,0.210453002,0.000342269,0.008632182
3.69E-05,0.230416027,0.001909725,0.0281727
3.44E-05,0.24038254,0.001289975,0.018962047
3.15E-05,0.134547865,0.000742613,0.024707613
3.31E-05,0.100374544,0.001647381,0.016999975
3.51E-05,0.166730579,7.47E-05,0.001733884
3.71E-05,0.127739133,0.000366667,0.010536055
3.54E-05,0.107576852,0.000774353,0.016021446
3.48E-05,0.149191378,0.001586292,0.023852215
3.20E-05,0.25208759,0.002024097,0.038618619
3.65E-05,0.175187581,0.001111122,0.038470983
3.54E-05,0.191213805,0.002487305,0.025611256
3.65E-05,0.17742203,0.000674247,0.008249449
3.68E-05,0.154578014,0.000873171,0.03217631
3.79E-05,0.157642193,0.000404254,0.015143023
3.85E-05,0.031304138,0.000380013,0.008539746
3.12E-05,0.081122222,0.000735044,0.016769383
3.70E-05,0.038401104,0.001606771,0.023549278
3.70E-05,0.031304138,0.001032223,0.023549278
3.73E-05,0.167335193,0.001437718,0.020905045
3.51E-05,0.122916173,0.001661264,0.022036701
3.48E-05,0.182706502,0.000620502,0.01431568
3.62E-05,0.212370506,0.001592305,0.038447704
3.15E-05,0.258058367,0.000455816,0.012735562
3.26E-05,0.158949952,0.000708911,0.01331155
3.67E-05,0.178148069,0.000998085,0.024748341
3.62E-05,0.095468103,0.001071541,0.024812438
3.43E-05,0.176805553,0.000795026,0.021946806
3.53E-05,0.110060166,0.000790247,0.025548434
3.86E-05,0.122251393,0.001588688,0.025314246
3.45E-05,0.106489521,0.00159241,0.036806443
3.38E-05,0.199149655,0.000702258,0.008679806
3.57E-05,0.100364596,0.00118219,0.017502853
3.40E-05,0.085800701,0.002395584,0.030262329
3.71E-05,0.236929063,0.002394347,0.037524822
3.98E-05,0.065826431,0.002378538,0.030502167
3.45E-05,0.12044526,0.001918565,0.028927478
3.59E-05,0.201978029,0.001102622,0.014071495
3.27E-05,0.161925055,0.001938756,0.04684577
3.73E-05,0.123711059,0.000357932,0.016944401
3.63E-05,0.198694189,0.001325132,0.024013341
3.47E-05,0.155937684,0.003158684,0.038474928
3.55E-05,0.078195948,0.001858279,0.028843027
3.51E-05,0.259273383,0.000667971,0.011357345
3.67E-05,0.116003055,0.001116187,0.018687462
3.19E-05,0.152109765,0.000549355,0.010189156
3.58E-05,0.120570645,0.000733258,0.016789002
3.26E-05,0.166501864,0.002093788,0.035846255
3.61E-05,0.220066209,0.000890148,0.028745347
3.35E-05,0.2335541,0.001296417,0.025125017
3.43E-05,0.074570363,0.000498646,0.018272914
3.39E-05,0.06015268,0.000375605,0.008838035
3.40E-05,0.105066612,0.000831366,0.017580603
3.62E-05,0.132739074,0.000443959,0.009548886
3.72E-05,0.241981681,0.000341294,0.008462421
3.69E-05,0.091717264,0.000838855,0.023152362
3.37E-05,0.081481463,0.001315812,0.030228623
3.38E-05,0.284966919,0.000872525,0.022307565
3.76E-05,0.109055381,0.000888058,0.018479559
3.61E-05,0.131754065,0.000728533,0.031668569
3.25E-05,0.147717186,0.000555782,0.009364999
3.61E-05,0.243583351,0.001032899,0.014448442
3.34E-05,0.018765217,0.001430221,0.02439506
3.36E-05,0.14272465,0.000152332,0.002586771
3.65E-05,0.148184003,0.001635301,0.029706738
3.50E-05,0.233623922,0.001980741,0.037120752
3.04E-05,0.027275856,0.000738807,0.020295227
3.41E-05,0.257994599,0.000167683,0.00318745
3.48E-05,0.150762358,0.001366123,0.030739345
3.44E-05,0.120376727,0.002314693,0.027002424
3.29E-05,0.195861381,0.000949139,0.026287369
3.26E-05,0.127383805,0.000761087,0.01331185
3.25E-05,0.191491498,0.000414338,0.017425611
3.66E-05,0.072888679,0.00112901,0.024684043
3.35E-05,0.179454985,0.001371012,0.022582958
3.83E-05,0.057281577,0.001413938,0.019284752
3.77E-05,0.118449386,0.000320436,0.004389105
3.75E-05,0.019136765,0.001747786,0.026857484
3.63E-05,0.238897419,0.001399631,0.029301164
3.55E-05,0.221651388,0.000664262,0.011649144
3.34E-05,0.122966326,0.000550657,0.017873193
3.31E-05,0.13620519,0.000523035,0.019124208
3.00E-05,0.160037264,0.000344666,0.011361633
3.76E-05,0.098808268,0.000192224,0.008565446
3.34E-05,0.083342169,0.00043247,0.014420123
3.52E-05,0.187951604,0.000585754,0.020135024
3.41E-05,0.125662531,0.000732066,0.017611527
3.44E-05,0.046910647,0.000488668,0.012482084
3.84E-05,0.105020697,0.000876426,0.035627162
3.36E-05,0.172424561,0.000580606,0.009075755
3.03E-05,0.092349584,0.000320717,0.005193168
3.76E-05,0.045122085,0.000582029,0.012588808
3.61E-05,0.240976032,0.000933496,0.026046851
3.36E-05,0.149542668,0.001995989,0.035206415
3.53E-05,0.108669018,0.000601361,0.018843167
3.42E-05,0.131907904,0.001129262,0.018510068
3.38E-05,0.251008815,0.001019373,0.026479929
3.35E-05,0.070893862,0.002213987,0.033894967
3.46E-05,0.062476931,0.000367779,0.01413968
3.56E-05,0.207741561,0.000701252,0.03924418
3.80E-05,0.107513726,0.000950459,0.016914005
2.99E-05,0.24916177,0.002622022,0.02579111
3.31E-05,0.150108248,0.000940345,0.019825955
3.68E-05,0.171425137,0.002308168,0.02613065
3.41E-05,0.186817197,0.000486021,0.016559426
3.23E-05,0.134418214,0.001220298,0.024172708
3.43E-05,0.182454697,0.000900514,0.023816221
3.68E-05,0.010244605,0.001529038,0.022572417
3.44E-05,0.221403714,0.001752007,0.034366632
3.59E-05,0.07281291,0.000846671,0.016969286
3.77E-05,0.277075188,0.000751092,0.027058034
3.62E-05,0.202061405,0.002427784,0.048359227
3.36E-05,0.147015057,0.00223243,0.028500022
3.32E-05,0.092292872,0.002646489,0.040321678
3.68E-05,0.291608801,0.000826037,0.010826307
3.92E-05,0.148618639,0.002030245,0.030140074
3.57E-05,0.204386006,0.000980862,0.02502032
3.45E-05,0.054931548,0.001599044,0.023798641
3.50E-05,0.242339304,0.000581695,0.009275683
3.49E-05,0.096787554,0.000212093,0.006498697
3.42E-05,0.050731676,0.001078658,0.020023204
3.45E-05,0.193484011,0.000946738,0.016965128
3.36E-05,0.0840237,0.000513281,0.020524552
3.55E-05,0.217797583,0.00116443,0.030170604
3.14E-05,0.099949449,0.00098299,0.027406108
3.65E-05,0.191324407,0.001703223,0.025140877
3.36E-05,0.15918747,0.000600455,0.012797409
3.31E-05,0.174700305,0.000380167,0.006663653
3.68E-05,0.169012734,0.000820041,0.01235895
3.55E-05,0.184819839,0.001519314,0.03140925
3.33E-05,1.79E-05,0.001380147,0.014238574
3.28E-05,0.106520433,0.000381615,0.021736575
3.65E-05,0.051312207,0.000284506,0.008251109
3.85E-05,0.089374571,0.002067524,0.040939604
3.41E-05,0.0666598,0.001779511,0.018968105
3.70E-05,0.178148069,0.000961983,0.021946806
3.36E-05,0.18625269,0.000398589,0.02550877
3.30E-05,0.109517121,0.00032343,0.012086684
3.81E-05,0.144121987,0.000942954,0.024320056
3.52E-05,0.119016289,0.000488383,0.023780187
3.63E-05,0.239092636,0.002093631,0.029619601
3.33E-05,0.07784142,0.000522052,0.022407308
3.03E-05,0.215993775,0.002673912,0.027718763
3.49E-05,0.18642197,0.001022747,0.031133718
3.58E-05,0.106679994,0.00051895,0.017047762
3.56E-05,0.257605972,0.000994099,0.03289848
3.69E-05,0.261226041,0.000674819,0.016598313
3.63E-05,0.123695157,0.001695539,0.030588723
3.58E-05,0.073976837,0.001407168,0.02676005
3.34E-05,0.055472907,0.003578854,0.050550517
2.72E-05,0.064428771,0.002951776,0.036638624
3.13E-05,0.154148743,0.003698592,0.062785171
2.57E-05,0.070977984,0.00143655,0.045496148
3.62E-05,0.193695316,0.001688113,0.030800441
3.49E-05,0.108695443,0.001543875,0.022506346
3.27E-05,0.146943799,0.002318551,0.03899008
2.93E-05,0.15857872,0.002154403,0.043990094
2.79E-05,0.062594237,0.003270268,0.043411464
3.15E-05,0.119456,0.001501187,0.03756911
3.55E-05,0.057118579,0.000507861,0.029921629
3.07E-05,0.178968303,0.000805331,0.016186149
3.29E-05,0.180684058,0.001872823,0.035071646
3.36E-05,0.19559727,0.001108324,0.030148215
3.03E-05,0.113327769,0.001815288,0.043210649
3.02E-05,0.240680156,0.001832219,0.02429762
2.61E-05,0.148720874,0.001581442,0.040611061
2.62E-05,0.101047534,0.001014269,0.024626722
2.67E-05,0.160977966,0.003085017,0.049017054
3.13E-05,0.047829657,0.003329494,0.060240339
2.68E-05,0.20186406,0.000983466,0.031925715
2.88E-05,0.211301382,0.000625378,0.018637299
3.04E-05,0.136225307,0.001376701,0.04738184
3.01E-05,0.175859182,0.003068979,0.037719366
2.81E-05,0.027772232,0.000754465,0.029645564
2.47E-05,0.199725418,0.001408904,0.050906175
2.84E-05,0.012986122,0.001882653,0.037714838
2.80E-05,0.218369394,0.000569257,0.009488
3.11E-05,0.1059907,0.003411445,0.066307706
3.50E-05,0.151527262,0.001035975,0.044586359
3.20E-05,0.235791976,0.003144862,0.038561299
3.49E-05,0.232020023,0.001697406,0.041157292
2.69E-05,0.190116101,0.004103348,0.046821689
2.63E-05,0.219756413,0.002183071,0.035296525
2.96E-05,0.18242805,0.003161287,0.049371764
2.94E-05,0.054972475,0.002341854,0.042233044
3.35E-05,0.16599679,0.005212543,0.06397912
3.21E-05,0.065780602,0.002295685,0.046799677
2.95E-05,0.198035163,0.001312762,0.04335983
2.66E-05,0.261076758,0.001524104,0.02701922
2.72E-05,0.108046027,0.001819166,0.050499002
2.90E-05,0.135782049,0.000877169,0.044567815
3.23E-05,0.049741395,0.001317828,0.027508995
2.81E-05,0.198917959,0.00170448,0.036155724
2.79E-05,0.114676806,0.002661917,0.036032519
3.16E-05,0.205156926,0.00340892,0.042859231
2.78E-05,0.203875811,0.002319892,0.053944915
3.25E-05,0.141354424,0.002114161,0.042051198
3.06E-05,0.014017829,0.003141194,0.061405834
3.02E-05,0.074770167,0.000930814,0.048489023
3.02E-05,0.139593352,0.00128708,0.037619653
3.04E-05,0.12236745,0.000471251,0.029590277
3.41E-05,0.02511441,0.003229415,0.059781433
2.86E-05,0.1970975,0.002347242,0.042715999
2.82E-05,0.027722709,0.00068915,0.03330477
2.92E-05,0.24303641,0.003799265,0.054870614
3.22E-05,0.225909223,0.001088912,0.046380764
2.97E-05,0.207221233,0.002680144,0.049205872
2.85E-05,0.153449769,0.001312464,0.033317589
2.88E-05,0.213539787,0.003868734,0.059339938
2.88E-05,0.145551967,0.001780593,0.049203628
2.99E-05,0.113679573,0.001274543,0.031622197
2.94E-05,0.158587214,0.002390882,0.038774919
2.75E-05,0.143648393,0.001144489,0.025982244
3.03E-05,0.139028476,0.00184506,0.032676655
3.21E-05,0.201076512,0.003124369,0.037298072
3.01E-05,0.0893369,0.001764432,0.049231426
3.24E-05,0.10994667,0.001796463,0.044632969
2.69E-05,0.15629969,0.001125584,0.038847179
2.51E-05,0.09362061,0.002266655,0.031375372
3.19E-05,0.056222564,0.001875494,0.030601799
3.53E-05,0.130862775,0.002379415,0.037985601
3.28E-05,0.090814105,0.000693057,0.017489877
3.22E-05,0.10805953,0.001134159,0.021409487
2.57E-05,0.153489047,0.001987619,0.040682726
2.97E-05,0.135347218,0.001929805,0.03909593
2.82E-05,0.076752335,0.001475702,0.036544141
2.04E-05,0.071770061,0.002627693,0.034122285
3.16E-05,0.129481476,0.001875519,0.029728412
2.62E-05,0.034402908,0.001220151,0.027063809
3.24E-05,0.142541147,0.002739477,0.041356019
2.81E-05,0.162046917,0.001049371,0.040096384
3.28E-05,0.173533613,0.001446157,0.029608607
2.80E-05,0.140819852,0.003585251,0.038045558
2.93E-05,0.118662723,0.001944428,0.034449732
2.56E-05,0.140265387,0.001451785,0.028930562
2.88E-05,0.152277827,0.001087184,0.032674766
2.84E-05,0.081164921,0.003034153,0.043756756
3.25E-05,0.07965165,0.001183246,0.029827057
2.81E-05,0.080265737,0.001985096,0.055063365
3.08E-05,0.019682326,0.002488503,0.045869207
3.29E-05,0.042677998,0.000628838,0.044504844
3.30E-05,0.188956134,0.000936133,0.041292054
3.54E-05,0.252344178,0.001239729,0.036685612
2.90E-05,0.069713671,0.001665754,0.044615132
2.80E-05,0.103317775,0.001695178,0.044711806
2.79E-05,0.165740637,0.001102879,0.025804575
2.99E-05,0.193896718,0.003450597,0.046426687
3.95E-05,0.218525736,0.002290889,0.03687234
3.21E-05,0.10552111,0.002199262,0.035720723
3.88E-05,0.107610937,0.002096414,0.048056087
3.39E-05,0.17011989,0.001303543,0.030774517
3.34E-05,0.278428498,0.003192501,0.049379259
3.50E-05,0.14791526,0.002329803,0.042861779
3.37E-05,0.093278703,0.001712133,0.032200193
3.64E-05,0.148923191,0.001538946,0.029754634
3.56E-05,0.190732634,0.00336993,0.050568708
3.07E-05,0.117772797,0.002010757,0.052778271
3.58E-05,0.074148285,0.002380297,0.044633889
3.23E-05,0.061883728,0.0015835,0.033935083
3.35E-05,0.127312942,0.001000165,0.037787853
3.78E-05,0.135516567,0.003079194,0.038567762
3.36E-05,0.068610606,0.003802292,0.038786539
3.56E-05,0.156367866,0.003041924,0.052583811
3.50E-05,0.122603234,0.00061616,0.018360334
3.27E-05,0.164518232,0.001549736,0.03595357
3.19E-05,0.101550825,0.004499278,0.049082046
3.27E-05,0.089444554,0.000562036,0.028508647
3.55E-05,0.142531925,0.002062377,0.032833762
3.38E-05,0.146776201,0.002418862,0.042242856
3.57E-05,0.145857973,0.001979462,0.029162454
3.42E-05,0.195202034,0.002424404,0.038530423
3.70E-05,0.072315078,0.001596189,0.033459189
3.43E-05,0.131676816,0.00072174,0.012665045
3.83E-05,0.174245074,0.00187724,0.037745563
3.12E-05,0.066736626,0.004845957,0.056398902
3.67E-05,0.057271245,0.001225948,0.032306768
3.50E-05,0.260859047,0.003042916,0.051613613
4.16E-05,0.027797959,0.001998401,0.038839709
3.41E-05,0.170543159,0.002500557,0.04032343
3.12E-05,0.107048862,0.001523345,0.033640501
3.43E-05,0.18082682,0.001340854,0.030687313
3.62E-05,0.134227271,0.003229991,0.049632295
3.34E-05,0.114632297,0.000736033,0.04329295
3.68E-05,0.176361889,0.001465098,0.032527111
3.41E-05,0.167822799,0.003536392,0.056591937
3.30E-05,0.281445734,0.000852308,0.035039546
3.40E-05,0.131310389,0.001280313,0.036419771
3.15E-05,0.133204395,0.000881634,0.028457227
3.34E-05,0.186214052,0.002317014,0.057388147
3.38E-05,0.17538914,0.000803151,0.048916982
2.95E-05,0.126419753,0.002325372,0.0438762
3.23E-05,0.135682028,0.003345372,0.040848581
3.54E-05,0.267231871,0.001124109,0.032584695
3.40E-05,0.165603534,0.004010867,0.037370341
3.31E-05,0.162619427,0.001731958,0.035454226
3.39E-05,0.134676124,0.002320325,0.039049416
3.62E-05,0.24190428,0.001730743,0.035241325
3.44E-05,0.143968782,0.001457353,0.028886177
3.54E-05,0.196293964,0.00190346,0.045678728
3.49E-05,0.183738896,0.000869934,0.025768621
3.43E-05,0.224417505,0.000509152,0.038801211
3.50E-05,0.168389036,0.000909163,0.042512785
3.50E-05,0.178134278,0.000957686,0.034447116
3.81E-05,0.128698947,0.001117005,0.032309595
4.28E-05,0.022063462,0.001873057,0.040537662
3.23E-05,0.1037952,0.002591025,0.039843275
3.26E-05,0.260415116,0.001053776,0.016563301
3.15E-05,0.11105363,0.001579635,0.039490988
3.72E-05,0.149300644,0.001165578,0.021995316
3.46E-05,0.122598145,0.002543684,0.033767461
3.14E-05,0.089440853,0.003034559,0.053483294
4.02E-05,0.023593767,0.002072736,0.036938482
3.61E-05,0.091951604,0.003757026,0.064911679
3.47E-05,0.189314585,0.001113994,0.036643403
3.80E-05,0.027733794,0.000847385,0.033823661
3.95E-05,0.217215111,0.002826249,0.043729689
2.83E-05,0.086552555,0.00167243,0.044862932
3.38E-05,0.216140093,0.00085774,0.038918423
3.79E-05,0.071138978,0.001275575,0.032389763
3.46E-05,0.071228284,0.000570321,0.036691392
3.23E-05,0.128524529,0.002954529,0.041485651
3.25E-05,0.247241372,0.003612214,0.046427915
4.55E-05,0.077852924,0.001779795,0.044530115
4.05E-05,0.214746473,0.001222337,0.034195246
3.53E-05,0.106994914,0.000526371,0.016088532
3.68E-05,0.094764601,0.001161193,0.029724879
3.78E-05,0.265178463,0.002885779,0.048766279
3.39E-05,0.117242386,0.002720055,0.041464552
3.67E-05,0.154614063,0.004374403,0.054200832
3.97E-05,0.16546878,0.001711327,0.048315827
3.29E-05,0.017273579,0.00172273,0.044813113
2.88E-05,0.071420298,0.001893111,0.037623317
3.54E-05,0.21400566,0.002130624,0.041420434
3.76E-05,0.077105396,0.001482589,0.046858544
3.10E-05,0.204979508,0.002185648,0.045545601
3.47E-05,0.056560176,0.002518689,0.050283634
3.77E-05,0.204595425,0.003340004,0.050413266
3.98E-05,0.186332406,0.000357851,0.012113524
3.59E-05,0.118538938,0.003972241,0.037784611
3.75E-05,0.204277579,0.000487001,0.035373661
3.40E-05,0.126571801,0.00080029,0.036626072
3.07E-05,0.013925146,0.003295356,0.050643642
3.39E-05,0.18660152,0.002005484,0.034203709
3.99E-05,0.15845446,0.002093753,0.04423822
3.44E-05,0.329705448,0.000804768,0.035581594
3.35E-05,0.319865506,0.001586996,0.034966936
3.91E-05,0.162172604,0.001944076,0.035301649
3.39E-05,0.202114177,0.001306641,0.045359681
3.41E-05,0.064145384,0.002049767,0.052880267
3.56015542069161e-05,0.200281416018826,0.000632798537766864,0.012922881590313
3.33868830365062e-05,0.12857871364635,0.000370186384339962,0.00623235586213368
2.7931677118155e-05,0.135315773182549,0.000751836169222029,0.0182976218151842
3.48130681860646e-05,0.220226885366016,0.00189366210382043,0.0348638968760063
3.95664137853125e-05,0.216336579336946,0.000910282857518663,0.0363472548693955
3.33532415519205e-05,0.125304875247421,0.00148469426215719,0.0239480851010591
3.49429474348542e-05,0.289918941787979,0.000163065262455465,0.00897135214629294
3.83841450608638e-05,0.044043700348906,0.000954737368905031,0.0186926600925209
3.48267034450625e-05,0.0874493479690562,0.000883290853184847,0.0109400476972755
3.47227567789396e-05,0.0985916552687468,0.00253931121065283,0.044321073493979
3.47227567789396e-05,0.0874493479690562,0.000484874658018584,0.044321073493979
3.29061590645667e-05,0.125831222629558,0.00122609027915639,0.0287789318746657
3.66524727891303e-05,0.214965687820216,0.001255582831037,0.0201892195869702
3.52573827095135e-05,0.162318538442257,0.000817687059854912,0.0157928622185447
3.48779690100157e-05,0.18888849445818,0.00126503016174211,0.0211874497644167
3.22045353171685e-05,0.171538897579202,0.00102434599968597,0.021484222385188
3.5262347827691e-05,0.189137702648894,0.000721734129377516,0.0134371327451892
3.27566872153809e-05,0.135050637864985,0.000810841931759819,0.0168060754220556
3.28470142591859e-05,0.230409475343334,0.00280454282968561,0.0370222153693414
3.74627614861419e-05,0.124297035741581,0.00073665130362128,0.0166957576395652
2.90239590665973e-05,0.00644557344133226,0.000377889094702554,0.0214688191082114
3.30458516967685e-05,0.211283465557944,0.00155092902256428,0.025023197585501
4.11498667223625e-05,0.232015483563905,0.000443721057322251,0.0149036888012327
3.19038503203979e-05,0.000601225840873909,0.000785394792867036,0.0150891836652512
3.61182457116323e-05,0.152598703016289,0.00080777057785496,0.0150594872492543
3.53058049220867e-05,0.149460560482888,0.00196028257908307,0.0259006923046336
3.35581988544615e-05,0.0817024883768726,0.000727246598018586,0.0146568306126847
3.18265206632575e-05,0.179112003387848,0.000367871441431842,0.0151640981975285
2.86308410417005e-05,0.200883801097988,0.000243935512080604,0.00580193966286916
3.10059413309124e-05,0.114540468064073,0.000372055118413854,0.0143070017123716
3.97934907302225e-05,0.0694894848907183,0.000857202002403511,0.018855630927114
2.92259474097689e-05,0.196595645342209,0.00182443409353589,0.0252438989178439
3.60290284067195e-05,0.14040702554331,0.000365920005736667,0.0191566655534006
3.12241808606917e-05,0.0805690791096919,0.000719648244281767,0.0213155535280293
3.74299918774219e-05,0.202767570407791,0.000552587961152963,0.00859466615915736
3.12292573238431e-05,0.164637288143485,0.00109950185167436,0.0165829608967574
3.84478249559231e-05,0.202869620590527,0.000597928019785969,0.0107383694614963
3.1924649183434e-05,0.0992153512223066,0.00102273842357482,0.0294334389196713
3.51141468829913e-05,0.180584480176839,0.00202749538739518,0.0359827149093051
2.90623581792117e-05,0.0188044310067511,0.000822566360369004,0.018027123828711
3.91442493809047e-05,0.159318789966866,0.00115064708714791,0.0241613144067284
3.54288547165248e-05,0.0642103221932083,0.000124104442402799,0.0021576709407752
3.18665731969459e-05,0.101330661829283,0.00183897475243297,0.0316385086324717
3.45895905150041e-05,0.185361883751603,0.000320640787389799,0.00601439688092284
3.64811616482001e-05,0.0246239824736005,0.00132314268334402,0.0214736832749025
3.60014823564743e-05,0.0287781685117643,9.48777737051079e-05,0.00189310061921803
3.42540869343684e-05,0.208284456652944,0.00137850071580582,0.0252244953640944
3.63898304194162e-05,0.146089209006198,0.00191689411098679,0.0423750049292902
3.17683517443647e-05,0.101305762509582,0.000903058669971949,0.0293080467402725
3.32275589091447e-05,0.104807853789497,0.000832233141205985,0.0145391382946058
3.65022565430849e-05,0.110668291675661,0.000519048222201709,0.021514342867292
3.75272947067375e-05,0.0897510833026169,0.00191571460435841,0.0371373481498214
3.67892324839513e-05,0.219294044839752,0.00130636049705094,0.0220317316090433
3.62447546387208e-05,0.0551035087569519,0.00153115937523183,0.0179144874752968
3.34443809422443e-05,0.119587876219593,0.000643170880238538,0.0107879034114894
3.13379815357898e-05,0.121927959946361,0.000885516306033468,0.0288478163554943
3.78624857565656e-05,0.204098104831332,0.000248931533522586,0.0303951562185538
3.65659096325182e-05,0.198059285958786,0.00166146069521763,0.0286896017626713
3.57207400109082e-05,0.180382496625852,0.000879142987958287,0.018882144828207
3.2753093102154e-05,0.106227578944402,0.000899525384863719,0.0302438163340086
3.40010461103811e-05,0.16063450614024,0.000329290648383252,0.0189954140418305
3.55571107201982e-05,0.134180309153195,0.000925606673780364,0.015499761947749
3.96247940845766e-05,0.202676122828321,0.00115401346578929,0.0250816840026464
4.23130005272638e-05,0.0851503080146289,0.00121094416181686,0.0193968830301792
3.30914191895909e-05,0.17131062645885,0.00179505358234797,0.0323845161269465
3.52723443367508e-05,0.204090308931349,0.000320131757236692,0.00775916451903017
3.67582474727324e-05,0.239362488307603,0.000529784770379685,0.0124233705764831
3.14068391857446e-05,0.13067480833974,0.000878460735889911,0.0224650647616397
2.92050511247793e-05,0.131607681752456,0.00134405328991206,0.0189507687534079
3.54303333940751e-05,0.0580211745065034,0.00127074949942417,0.0267378508665663
3.90447068212225e-05,0.0998573455280213,0.000490291645101348,0.0126190487777813
3.54009208146905e-05,0.220433750941996,0.000893496749439991,0.0234898002186259
3.38363704561301e-05,0.19659805437411,0.000290738299154562,0.00432680355249549
3.20866560947518e-05,0.166032011692631,0.00142574536294496,0.0252157658789365
3.31914106828039e-05,0.144932097739706,0.00101015823570689,0.0149520788663045
3.43706179325685e-05,0.14915904405639,0.000742544692348332,0.0233514425888825
2.9797282199888e-05,0.252313744619429,0.00112065584785211,0.0166303728318735
3.39301064060183e-05,0.307074209568911,0.000296642175894671,0.012118431813628
3.52932458858114e-05,0.220386758213996,0.000425350150042137,0.00803111559859808
3.76256701887083e-05,0.248275591349633,0.00197246945918569,0.030442651375014
3.31515013526072e-05,0.13023706623916,0.000683604788634239,0.0171964618641668
3.43518408477075e-05,0.0703764234984165,0.000556152162980013,0.0310799144601894
3.23297936376068e-05,0.172105396351582,0.000499904194585196,0.00768139138763659
2.38280151724753e-05,0.0902071895257752,0.000410643545015026,0.00887622008340134
3.24413827322123e-05,0.192498442825251,0.000706771203460004,0.023913214390048
3.59907520228467e-05,0.21921500022304,0.000924441506791575,0.0291956102916762
3.31095354935471e-05,0.237040816394122,0.00133104849161896,0.0271377934759989
3.84486514264046e-05,0.139915662600583,0.00232047090426096,0.0280389688059555
3.41317585749608e-05,0.231467710746405,0.000778395166078521,0.0262017238792886
3.57357291934337e-05,0.117552027381461,0.000541889276165384,0.014870018668464
4.17363573047485e-05,0.199142148930679,0.00311606884428744,0.0415212747469379
3.39374977848992e-05,0.159097812711332,0.000742278474136737,0.0100541192227627
3.77030138128924e-05,0.0437751285834295,0.0017711797295816,0.0244782231343918
3.9196865096217e-05,0.151434343310433,0.00084465261230428,0.0213951163164748
3.79357630394026e-05,0.184739100348574,0.00248485785501112,0.0376467355743376
3.79733521704745e-05,0.134359586437434,0.00179260249180297,0.0296386247838612
3.44071522112061e-05,0.17125624085513,0.00160088807326739,0.0213929813999406
3.44940209093077e-05,0.0393458953335172,7.43984182667735e-05,0.00309213434734514
3.73371041249381e-05,0.0654181325782892,0.00169410803697539,0.0264886472275131
3.39107276771255e-05,0.188151155302522,0.00147481253094376,0.0296813134333597
3.04471182856863e-05,0.20932107248964,0.000203187858334314,0.0174671335051604
4.06597203352121e-05,0.0202010814665219,0.000633358169941522,0.0272069918029654
3.36516683214155e-05,0.147668463805578,0.000452531620831939,0.0123999854835254
3.62023818740379e-05,0.210240627793141,0.000875692260915333,0.013116422329788
3.54033373521737e-05,0.277023821225378,0.000674771799259889,0.0246217870857433
3.55982212801924e-05,0.22233433894677,0.00285373887255953,0.0278911734289887
3.39185120662152e-05,0.221209632058064,0.000217394569737609,0.00977681262862813
3.82426533590056e-05,0.197692854018905,0.00133562200646826,0.0175025325942352
3.23408361316912e-05,0.0361743727632975,0.000942094009030577,0.0111251730341525
3.92920577618895e-05,0.190697348889619,0.00157736478967791,0.0274757541772991
3.64841096440154e-05,0.0877646272359304,0.00401041127060918,0.0553706022306305
3.80539302202834e-05,0.0465169225344515,0.00151291512486811,0.0285567200581676
3.2960336304634e-05,0.134016001236514,0.00101701123814432,0.0169801305048063
3.44375021897298e-05,0.162724193469663,0.000243552183050201,0.0178846868916149
3.32179671889327e-05,0.275845528778302,0.0013440113319768,0.02773220020079
3.77827387509015e-05,0.19132120273387,0.000211664215684988,0.00488963586589982
3.71805002326208e-05,0.132322463045545,0.001670122868017,0.0172559842693313
3.90701063383094e-05,0.16575491775153,0.00113426002972012,0.0221067132766749
3.76428151206992e-05,0.149944521740311,0.000676618187674261,0.0220469039359847
3.94125149247927e-05,0.0821656163237516,0.000670928125029972,0.00983540879082342
3.70587127437228e-05,0.037290106887264,0.000889707432666363,0.033539843283598
3.43175686120841e-05,0.0531668353633416,0.000444365202123257,0.0130978221035243
3.63220987112556e-05,0.0498133636191669,0.00205772827367732,0.0232625990374788
3.34274335214991e-05,0.194862387677726,0.00123202403087269,0.0328019832522708
3.32275589091447e-05,0.180382496625852,0.000274530114956077,0.0145391382946058
3.78023794326835e-05,0.133617460432179,0.00120803206882357,0.0265382648688612
3.35834878539438e-05,0.203012849193954,0.00307973147170898,0.0300464272474192
3.39129767224662e-05,0.20396668808219,0.00201906669194579,0.029273912378711
3.16846128964206e-05,0.219271758496176,0.00122163988443812,0.0149447042869689
3.79187557896431e-05,0.095639918418271,0.001518760541333,0.0176975873398381
3.62447546387208e-05,0.180382496625852,0.000338263947031655,0.0179144874752968
3.88749140757582e-05,0.0900090776553079,0.000732602051002348,0.0171013004271689
3.09209231541157e-05,0.156138649555252,0.000452596908922447,0.0171844470815489
3.57742137732807e-05,0.0726648675552892,0.00101665388634627,0.0196035842591329
3.92970062595605e-05,0.159575471757105,0.00161172081512617,0.0267827239021971
3.24829750297455e-05,0.152985928349167,0.00076272809242697,0.0125274633814829
3.72872015436175e-05,0.160905863428929,0.000897796357630926,0.0163778537894719
2.98832022132818e-05,0.0102508133240734,0.000574085266222913,0.0172830557624944
3.89904887907618e-05,0.0425926199701351,0.00074426950687422,0.0185977839912162
3.30159561863312e-05,0.192488343361034,0.000296593629818949,0.00675564663263721
3.70529005459086e-05,0.0289756428131689,0.000932969506734897,0.0177589576157156
3.09003783031673e-05,0.0500115151873246,0.0013313579843928,0.0426070353431519
3.85875364032646e-05,0.0805772009800281,0.00102961281935506,0.0196275533808656
3.04941709300807e-05,0.171044246585048,0.000672211256290887,0.0253176574043198
3.35522995646396e-05,0.100997268443296,0.00190660569352637,0.0311894150092643
3.83139991139457e-05,0.131003096507092,0.000835469739562303,0.0253743121334205
3.91089547353726e-05,0.1117813213869,9.96777676712891e-05,0.0031764811034343
3.56903394908573e-05,0.10704864341617,0.00153777905320305,0.029663232542427
3.23366274137349e-05,0.118852955891137,0.000760428315292116,0.0133566337511965
3.41307189452669e-05,0.167585675137519,0.00270044120846678,0.0253445121543199
3.3120940927594e-05,0.0979515296970615,0.0012256108109888,0.0148484410724176
4.28443204360903e-05,0.185861366893689,0.00181480736612777,0.0309726708285404
3.54056863398373e-05,0.239395858920974,0.00280520104862311,0.0416095685573637
3.26294249738275e-05,0.183064843753355,0.000799786702256607,0.0198590640287136
3.71946789466643e-05,0.176698154134814,0.00111986673365541,0.0192234302945189
3.39628857484958e-05,0.113578328683212,0.00050193459400697,0.0137004834482386
3.50530870538662e-05,0.184891010635687,0.000649214662803997,0.0125569639430318
3.75669415019722e-05,0.159491238911339,0.000383730994208991,0.0125415831015359
3.59188881575861e-05,0.0556092188407794,0.00110857241373071,0.0158709966515041
3.6629076744501e-05,0.115860207212219,0.00144733257399324,0.0243295795327931
3.55195425399789e-05,0.109382721563353,0.000358378421094428,0.0158744987271357
3.60174564909731e-05,0.0722026479821053,0.000653140837635773,0.0122776019920194
3.93223752453183e-05,0.0577145620989841,0.000304555520942347,0.00561446389848858
2.91269392625425e-05,0.128832464101452,0.000692851495784455,0.0145973170042878
3.25449296442131e-05,0.266540540753729,0.000384654329568994,0.0294067034373582
4.02257419289286e-05,0.197150116685604,0.00148541189788202,0.0285414835924976
3.14991302113936e-05,0.148893463479064,0.00165597549968357,0.0279430864812201
4.58941699077676e-05,0.189405636479689,0.00107213753639721,0.0301596353026031
4.23130005272638e-05,0.131607681752456,0.000338263947031655,0.0179144874752968
3.49969173740269e-05,0.178142802940914,0.000191867007902615,0.0215160626692402
3.32978949818651e-05,0.118223456052382,0.000911187425140721,0.0156726632538281
4.07756262002389e-05,0.0905739985396105,0.00188152400755022,0.03041927073339
3.52076837926649e-05,0.0507666481362436,0.00127639121837113,0.0182862017503069
3.41394072032416e-05,0.0119373242233983,0.000332864039355252,0.00903350738120888
3.25336338250671e-05,0.154710955093433,0.00147218014055943,0.020976583956647
3.4500627777054e-05,0.0483788931616231,0.000809188939875818,0.0178702514113263
3.44692061990765e-05,0.181065905773266,0.000825194487479364,0.0178611807588499
3.64610334720802e-05,0.0678090312612097,0.000277470152884083,0.0225026762858305
2.87999658983595e-05,0.100447203540789,0.00169652053950027,0.0235032318169481
3.31320219633535e-05,0.0301607011132475,0.000898880366893534,0.0236557382898215
3.60925934903259e-05,0.1929096778498,0.00107978210779353,0.0190270983876942
3.45607266455828e-05,0.18513174362831,0.000321179609302933,0.00479058481837444
3.71232322494869e-05,0.153119254566237,0.00112384071908914,0.0160055939416629
4.29928610825636e-05,0.262638145907493,9.15319607252544e-05,0.00317019640559739
3.45241345387418e-05,0.0219371800153452,0.00214209120690453,0.0407964194014271
3.65173306444113e-05,0.187643764193363,0.00137136718604453,0.0293785713411518
3.61378633861873e-05,0.169627349231606,0.00153918881718601,0.0223211284455705
3.55885148786271e-05,0.116538580020032,0.000242986539995605,0.00320610676894155
3.69751521894164e-05,0.18115694084228,0.000582670443706047,0.0140474252063513
3.84856394056858e-05,0.113557819931822,0.000289173834152671,0.0244863139528407
3.8131729588417e-05,0.161466756210054,0.00146858377838363,0.0235895935012625
3.76968212019733e-05,0.0564292761311576,0.000129708578833915,0.019050421501954
3.63325926343858e-05,0.118641648189439,0.00094145960803773,0.0208504846089203
3.71743457984139e-05,0.14521756627083,0.000175175557152837,0.0240274637058737
3.53302801527452e-05,0.233678498842997,0.00188709119140447,0.039991578980853
3.46423120364188e-05,0.1605255610047,0.00143094213415297,0.0236906133332726
3.27936787243451e-05,0.131127895261168,0.00131662253913338,0.0228727210418398
3.75808689235965e-05,0.199609035091871,0.000641271455098037,0.0162240367781169
2.86846253025253e-05,0.14726923392517,0.00182929547841067,0.0311124787956683
3.78318000608326e-05,0.196821532668466,0.00148311591744674,0.0360533386233348
